Invoice Number,Vendor Name,GSTIN,Date,Taxable Amount,CGST,SGST,IGST,Total Amount
INV-2024-0001,Enterprise 19 Ltd,01AAACC0019A1Z1,2023-12-19,218588,19672.92,19672.92,0,257933.84
INV-2024-0002,Enterprise 14 Ltd,03AAACC0014A1Z5,2024-01-27,531044,0,0,95587.92,626631.92
INV-2024-0003,Enterprise 8 Ltd,03AAACC0008A1Z8,2024-02-15,163258,0,0,29386.44,192644.44
INV-2024-0004,Enterprise 3 Ltd,08AAACC0003A1Z5,2024-03-22,905168,81465.12,81465.12,0,1068098.24
INV-2024-0005,Dynamic Dealers,24DDDD2222A1Z3,2023-12-11,751629,67646.61,67646.61,0,886922.22
INV-2024-0006,Enterprise 32 Ltd,05AAACC0032A1Z3,2024-02-19,86068,0,0,15492.24,101560.24
INV-2024-0007,Enterprise 36 Ltd,06AAACC0036A1Z4,2023-11-27,463224,0,0,83380.32,546604.32
INV-2024-0008,Enterprise 32 Ltd,05AAACC0032A1Z3,2024-02-22,145261,13073.49,13073.49,0,171407.98
INV-2024-0009,Enterprise 24 Ltd,08AAACC0024A1Z4,2024-01-09,750403,0,0,135072.54,885475.54
INV-2024-0010,Enterprise 16 Ltd,08AAACC0016A1Z7,2023-11-07,908315,81748.35,81748.35,0,1071811.7
INV-2024-0011,Enterprise 11 Ltd,09AAACC0011A1Z6,2024-03-12,202201,18198.09,18198.09,0,238597.18
INV-2024-0012,Enterprise 7 Ltd,01AAACC0007A1Z1,2024-03-09,367452,33070.68,33070.68,0,433593.36
INV-2024-0013,Enterprise 15 Ltd,02AAACC0015A1Z7,2024-02-09,729551,65659.59,65659.59,0,860870.18
INV-2024-0014,Enterprise 22 Ltd,09AAACC0022A1Z0,2024-01-11,17680,0,0,3182.4,20862.4
INV-2024-0015,Enterprise 39 Ltd,03AAACC0039A1Z5,2024-02-27,437308,39357.72,39357.72,0,516023.44
INV-2024-0016,Enterprise 7 Ltd,01AAACC0007A1Z1,2023-12-09,418322,0,0,75297.96,493619.96
INV-2024-0017,Enterprise 14 Ltd,03AAACC0014A1Z5,2024-02-16,187376,16863.84,16863.84,0,221103.68
INV-2024-0018,Enterprise 8 Ltd,03AAACC0008A1Z8,2023-12-17,277288,0,0,49911.84,327199.84
INV-2024-0019,Enterprise 30 Ltd,04AAACC0030A1Z2,2024-03-27,513806,46242.54,46242.54,0,606291.08
INV-2024-0020,Enterprise 10 Ltd,01AAACC0010A1Z0,2024-03-11,91268,0,0,16428.24,107696.24
INV-2024-0021,Enterprise 25 Ltd,08AAACC0025A1Z3,2024-03-18,737427,0,0,132736.86,870163.86
INV-2024-0022,Enterprise 8 Ltd,03AAACC0008A1Z8,2024-01-21,117941,0,0,21229.38,139170.38
INV-2024-0023,Enterprise 1 Ltd,03AAACC0001A1Z3,2024-02-11,48421,4357.89,4357.89,0,57136.78
INV-2024-0024,Enterprise 27 Ltd,08AAACC0027A1Z8,2024-03-15,84821,0,0,15267.78,100088.78
INV-2024-0025,Enterprise 32 Ltd,05AAACC0032A1Z3,2024-01-22,205557,18500.13,18500.13,0,242557.26
INV-2024-0026,Enterprise 13 Ltd,01AAACC0013A1Z8,2024-02-21,600167,0,0,108030.06,708197.06
INV-2024-0027,Enterprise 28 Ltd,03AAACC0028A1Z7,2024-01-19,585204,52668.36,52668.36,0,690540.72
INV-2024-0028,Enterprise 21 Ltd,05AAACC0021A1Z8,2024-01-19,634220,57079.8,57079.8,0,748379.6
INV-2024-0029,Enterprise 11 Ltd,09AAACC0011A1Z6,2023-11-04,759344,0,0,136681.92,896025.92
INV-2024-0030,TechNova Solutions,27AADCT1234E1Z1,2023-11-10,898407,0,0,161713.26,1060120.26
INV-2024-0031,Enterprise 24 Ltd,08AAACC0024A1Z4,2023-11-05,184679,0,0,33242.22,217921.22
INV-2024-0032,Enterprise 8 Ltd,03AAACC0008A1Z8,2023-12-22,234312,0,0,42176.16,276488.16
INV-2024-0033,Nexus Traders,09GGGG5555A1Z7,2024-03-15,609388,54844.92,54844.92,0,719077.84
INV-2024-0034,Enterprise 4 Ltd,07AAACC0004A1Z3,2024-02-06,576997,51929.73,51929.73,0,680856.46
INV-2024-0035,Enterprise 10 Ltd,01AAACC0010A1Z0,2024-02-26,571613,0,0,102890.34,674503.34
INV-2024-0036,Enterprise 43 Ltd,05AAACC0043A1Z3,2024-03-20,740476,66642.84,66642.84,0,873761.68
INV-2024-0037,Enterprise 2 Ltd,08AAACC0002A1Z5,2023-11-03,634629,0,0,114233.22,748862.22
INV-2024-0038,Enterprise 38 Ltd,04AAACC0038A1Z2,2024-01-06,533994,48059.46,48059.46,0,630112.92
INV-2024-0039,Rapid Delivery,14FFFF4444A1Z6,2024-03-28,520649,46858.41,46858.41,0,614365.82
INV-2024-0040,Enterprise 9 Ltd,02AAACC0009A1Z6,2024-02-20,731599,65843.91,65843.91,0,863286.82
INV-2024-0041,Enterprise 19 Ltd,01AAACC0019A1Z1,2023-11-22,308472,27762.48,27762.48,0,363996.96
INV-2024-0042,Enterprise 20 Ltd,05AAACC0020A1Z0,2024-03-26,453532,40817.88,40817.88,0,535167.76
INV-2024-0043,Enterprise 24 Ltd,08AAACC0024A1Z4,2024-03-17,77334,0,0,13920.12,91254.12
INV-2024-0044,Rapid Delivery,14FFFF4444A1Z6,2024-03-05,647657,0,0,116578.26,764235.26
INV-2024-0045,Enterprise 6 Ltd,02AAACC0006A1Z2,2024-01-26,332221,0,0,59799.78,392020.78
INV-2024-0046,Enterprise 17 Ltd,04AAACC0017A1Z7,2023-12-09,374589,0,0,67426.02,442015.02
INV-2024-0047,Enterprise 18 Ltd,09AAACC0018A1Z2,2024-03-04,715569,0,0,128802.42,844371.42
INV-2024-0048,Enterprise 10 Ltd,01AAACC0010A1Z0,2023-12-07,581905,0,0,104742.9,686647.9
INV-2024-0049,Enterprise 43 Ltd,05AAACC0043A1Z3,2024-01-14,495369,0,0,89166.42,584535.42
INV-2024-0050,Enterprise 19 Ltd,01AAACC0019A1Z1,2024-02-19,623275,0,0,112189.5,735464.5
INV-2024-0051,Enterprise 18 Ltd,09AAACC0018A1Z2,2024-03-21,831393,0,0,149650.74,981043.74
INV-2024-0052,Nexus Traders,09GGGG5555A1Z7,2023-11-07,795242,0,0,143143.56,938385.56
INV-2024-0053,Enterprise 34 Ltd,01AAACC0034A1Z6,2024-03-04,541888,48769.92,48769.92,0,639427.84
INV-2024-0054,Enterprise 21 Ltd,05AAACC0021A1Z8,2024-03-15,580135,0,0,104424.3,684559.3
INV-2024-0055,Enterprise 4 Ltd,07AAACC0004A1Z3,2023-12-12,787239,0,0,141703.02,928942.02
INV-2024-0056,Enterprise 41 Ltd,01AAACC0041A1Z2,2024-03-02,599346,53941.14,53941.14,0,707228.28
INV-2024-0057,Enterprise 34 Ltd,01AAACC0034A1Z6,2024-01-18,792591,71333.19,71333.19,0,935257.38
INV-2024-0058,Enterprise 4 Ltd,07AAACC0004A1Z3,2024-01-28,129031,0,0,23225.58,152256.58
INV-2024-0059,Enterprise 12 Ltd,01AAACC0012A1Z4,2024-03-28,660655,59458.95,59458.95,0,779572.9
INV-2024-0060,Global Corp,22BBBB0000A1Z5,2023-11-05,478608,43074.72,43074.72,0,564757.44
INV-2024-0061,Enterprise 8 Ltd,03AAACC0008A1Z8,2024-03-14,476401,0,0,85752.18,562153.18
INV-2024-0062,Enterprise 23 Ltd,01AAACC0023A1Z7,2024-02-08,846435,76179.15,76179.15,0,998793.3
INV-2024-0063,Enterprise 1 Ltd,03AAACC0001A1Z3,2024-01-12,181666,0,0,32699.88,214365.88
INV-2024-0064,Enterprise 29 Ltd,01AAACC0029A1Z1,2023-11-03,15487,1393.83,1393.83,0,18274.66
INV-2024-0065,Enterprise 9 Ltd,02AAACC0009A1Z6,2023-11-28,230528,0,0,41495.04,272023.04
INV-2024-0066,Rapid Delivery,14FFFF4444A1Z6,2024-03-01,438932,0,0,79007.76,517939.76
INV-2024-0067,Global Corp,22BBBB0000A1Z5,2023-11-01,733111,65979.99,65979.99,0,865070.98
INV-2024-0068,Rapid Delivery,14FFFF4444A1Z6,2023-11-13,548599,0,0,98747.82,647346.82
INV-2024-0069,Global Corp,22BBBB0000A1Z5,2024-02-20,755533,0,0,135995.94,891528.94
INV-2024-0070,Enterprise 28 Ltd,03AAACC0028A1Z7,2024-02-02,742659,66839.31,66839.31,0,876337.62
INV-2024-0071,Enterprise 18 Ltd,09AAACC0018A1Z2,2023-11-02,681074,61296.66,61296.66,0,803667.32
INV-2024-0072,Enterprise 3 Ltd,08AAACC0003A1Z5,2024-03-21,236811,21312.99,21312.99,0,279436.98
INV-2024-0073,Enterprise 33 Ltd,02AAACC0033A1Z5,2024-02-11,840245,75622.05,75622.05,0,991489.1
INV-2024-0074,Global Corp,22BBBB0000A1Z5,2024-01-22,85142,7662.78,7662.78,0,100467.56
INV-2024-0075,Enterprise 36 Ltd,06AAACC0036A1Z4,2024-02-12,180662,0,0,32519.16,213181.16
INV-2024-0076,Enterprise 36 Ltd,06AAACC0036A1Z4,2024-03-11,829517,74656.53,74656.53,0,978830.06
INV-2024-0077,Enterprise 42 Ltd,02AAACC0042A1Z5,2023-11-25,779860,0,0,140374.8,920234.8
INV-2024-0078,Enterprise 17 Ltd,04AAACC0017A1Z7,2024-01-25,611092,0,0,109996.56,721088.56
INV-2024-0079,Enterprise 28 Ltd,03AAACC0028A1Z7,2024-03-04,385358,0,0,69364.44,454722.44
INV-2024-0080,Enterprise 22 Ltd,09AAACC0022A1Z0,2024-02-14,705609,0,0,127009.62,832618.62
INV-2024-0081,Enterprise 1 Ltd,03AAACC0001A1Z3,2023-12-09,539867,48588.03,48588.03,0,637043.06
INV-2024-0082,Enterprise 11 Ltd,09AAACC0011A1Z6,2024-03-09,518581,46672.29,46672.29,0,611925.58
INV-2024-0083,Prime Steels,33EEEE3333A1Z4,2024-03-12,540697,48662.73,48662.73,0,638022.46
INV-2024-0084,Enterprise 41 Ltd,01AAACC0041A1Z2,2023-12-06,703675,63330.75,63330.75,0,830336.5
INV-2024-0085,Enterprise 38 Ltd,04AAACC0038A1Z2,2024-01-26,317913,0,0,57224.34,375137.34
INV-2024-0086,Enterprise 14 Ltd,03AAACC0014A1Z5,2024-01-25,500426,45038.34,45038.34,0,590502.68
INV-2024-0087,Enterprise 14 Ltd,03AAACC0014A1Z5,2024-02-23,445666,0,0,80219.88,525885.88
INV-2024-0088,Enterprise 28 Ltd,03AAACC0028A1Z7,2024-01-11,813264,73193.76,73193.76,0,959651.52
INV-2024-0089,Enterprise 34 Ltd,01AAACC0034A1Z6,2023-12-05,66843,0,0,12031.74,78874.74
INV-2024-0090,Enterprise 33 Ltd,02AAACC0033A1Z5,2024-01-07,527139,47442.51,47442.51,0,622024.02
INV-2024-0091,Apex Logistics,21CCCC1111A1Z2,2024-02-04,570737,0,0,102732.66,673469.66
INV-2024-0092,Enterprise 16 Ltd,08AAACC0016A1Z7,2024-02-01,762737,0,0,137292.66,900029.66
INV-2024-0093,Enterprise 36 Ltd,06AAACC0036A1Z4,2024-01-09,365705,0,0,65826.9,431531.9
INV-2024-0094,Rapid Delivery,14FFFF4444A1Z6,2024-01-02,405796,0,0,73043.28,478839.28
INV-2024-0095,Enterprise 9 Ltd,02AAACC0009A1Z6,2024-01-27,267211,0,0,48097.98,315308.98
INV-2024-0096,Enterprise 43 Ltd,05AAACC0043A1Z3,2024-02-17,433809,0,0,78085.62,511894.62
INV-2024-0097,Enterprise 25 Ltd,08AAACC0025A1Z3,2024-03-23,109855,0,0,19773.9,129628.9
INV-2024-0098,Enterprise 14 Ltd,03AAACC0014A1Z5,2024-02-17,311970,28077.3,28077.3,0,368124.6
INV-2024-0099,Enterprise 28 Ltd,03AAACC0028A1Z7,2023-12-16,717410,64566.9,64566.9,0,846543.8
INV-2024-0100,Enterprise 5 Ltd,06AAACC0005A1Z7,2024-01-20,533581,48022.29,48022.29,0,629625.58
INV-2024-0101,Enterprise 29 Ltd,01AAACC0029A1Z1,2023-12-12,13713,0,0,2468.34,16181.34
INV-2024-0102,Enterprise 33 Ltd,02AAACC0033A1Z5,2023-12-05,333920,30052.8,30052.8,0,394025.6
INV-2024-0103,Enterprise 33 Ltd,02AAACC0033A1Z5,2024-02-19,129805,11682.45,11682.45,0,153169.9
INV-2024-0104,Enterprise 11 Ltd,09AAACC0011A1Z6,2023-11-02,714544,64308.96,64308.96,0,843161.92
INV-2024-0105,Enterprise 9 Ltd,02AAACC0009A1Z6,2024-02-03,75940,6834.6,6834.6,0,89609.2
INV-2024-0106,Enterprise 6 Ltd,02AAACC0006A1Z2,2024-03-18,259712,23374.08,23374.08,0,306460.16
INV-2024-0107,Rapid Delivery,14FFFF4444A1Z6,2023-11-07,273038,24573.42,24573.42,0,322184.84
INV-2024-0108,Prime Steels,33EEEE3333A1Z4,2023-12-18,674520,0,0,121413.6,795933.6
INV-2024-0109,Enterprise 41 Ltd,01AAACC0041A1Z2,2024-02-10,527592,47483.28,47483.28,0,622558.56
INV-2024-0110,Enterprise 26 Ltd,02AAACC0026A1Z3,2024-02-21,358035,0,0,64446.3,422481.3
INV-2024-0111,Enterprise 23 Ltd,01AAACC0023A1Z7,2024-01-26,220206,0,0,39637.08,259843.08
INV-2024-0112,Enterprise 31 Ltd,09AAACC0031A1Z6,2023-12-05,806274,72564.66,72564.66,0,951403.32
INV-2024-0113,Enterprise 26 Ltd,02AAACC0026A1Z3,2024-02-04,870592,78353.28,78353.28,0,1027298.56
INV-2024-0114,Enterprise 33 Ltd,02AAACC0033A1Z5,2023-11-06,130170,0,0,23430.6,153600.6
INV-2024-0115,Enterprise 29 Ltd,01AAACC0029A1Z1,2023-12-09,255559,0,0,46000.62,301559.62
INV-2024-0116,Enterprise 36 Ltd,06AAACC0036A1Z4,2023-12-21,765800,68922,68922,0,903644
INV-2024-0117,Enterprise 31 Ltd,09AAACC0031A1Z6,2023-12-23,394378,35494.02,35494.02,0,465366.04
INV-2024-0118,Enterprise 23 Ltd,01AAACC0023A1Z7,2024-03-07,218212,19639.08,19639.08,0,257490.16
INV-2024-0119,Enterprise 17 Ltd,04AAACC0017A1Z7,2023-12-21,189481,0,0,34106.58,223587.58
INV-2024-0120,Enterprise 4 Ltd,07AAACC0004A1Z3,2024-03-19,617144,55542.96,55542.96,0,728229.92
INV-2024-0121,Enterprise 19 Ltd,01AAACC0019A1Z1,2024-03-15,235995,21239.55,21239.55,0,278474.1
INV-2024-0122,Enterprise 11 Ltd,09AAACC0011A1Z6,2023-12-12,171895,0,0,30941.1,202836.1
INV-2024-0123,Enterprise 5 Ltd,06AAACC0005A1Z7,2024-03-23,741807,66762.63,66762.63,0,875332.26
INV-2024-0124,Enterprise 39 Ltd,03AAACC0039A1Z5,2024-01-12,15903,0,0,2862.54,18765.54
INV-2024-0125,Enterprise 2 Ltd,08AAACC0002A1Z5,2023-12-07,770317,0,0,138657.06,908974.06
INV-2024-0126,Enterprise 24 Ltd,08AAACC0024A1Z4,2024-03-25,661156,0,0,119008.08,780164.08
INV-2024-0127,Enterprise 31 Ltd,09AAACC0031A1Z6,2024-03-18,706485,0,0,127167.3,833652.3
INV-2024-0128,Enterprise 19 Ltd,01AAACC0019A1Z1,2024-01-26,484937,0,0,87288.66,572225.66
INV-2024-0129,Enterprise 5 Ltd,06AAACC0005A1Z7,2024-03-20,296016,0,0,53282.88,349298.88
INV-2024-0130,Dynamic Dealers,24DDDD2222A1Z3,2023-12-25,664569,59811.21,59811.21,0,784191.42
INV-2024-0131,Enterprise 20 Ltd,05AAACC0020A1Z0,2024-03-04,205165,0,0,36929.7,242094.7
INV-2024-0132,Apex Logistics,21CCCC1111A1Z2,2024-01-22,264910,23841.9,23841.9,0,312593.8
INV-2024-0133,Enterprise 24 Ltd,08AAACC0024A1Z4,2024-02-21,16509,1485.81,1485.81,0,19480.62
INV-2024-0134,Enterprise 38 Ltd,04AAACC0038A1Z2,2024-02-15,125298,11276.82,11276.82,0,147851.64
INV-2024-0135,Enterprise 14 Ltd,03AAACC0014A1Z5,2023-11-02,156208,0,0,28117.44,184325.44
INV-2024-0136,Enterprise 7 Ltd,01AAACC0007A1Z1,2024-01-12,189485,17053.65,17053.65,0,223592.3
INV-2024-0137,Nexus Traders,09GGGG5555A1Z7,2023-11-13,41781,3760.29,3760.29,0,49301.58
INV-2024-0138,Apex Logistics,21CCCC1111A1Z2,2024-01-17,62483,5623.47,5623.47,0,73729.94
INV-2024-0139,Prime Steels,33EEEE3333A1Z4,2024-02-23,40638,0,0,7314.84,47952.84
INV-2024-0140,Enterprise 2 Ltd,08AAACC0002A1Z5,2023-11-14,675115,0,0,121520.7,796635.7
INV-2024-0141,Enterprise 19 Ltd,01AAACC0019A1Z1,2024-02-28,646736,0,0,116412.48,763148.48
INV-2024-0142,Enterprise 20 Ltd,05AAACC0020A1Z0,2023-12-19,584434,0,0,105198.12,689632.12
INV-2024-0143,Apex Logistics,21CCCC1111A1Z2,2024-01-12,680878,0,0,122558.04,803436.04
INV-2024-0144,Enterprise 16 Ltd,08AAACC0016A1Z7,2024-02-07,631576,0,0,113683.68,745259.68
INV-2024-0145,TechNova Solutions,27AADCT1234E1Z1,2023-12-28,492765,0,0,88697.7,581462.7
INV-2024-0146,Enterprise 16 Ltd,08AAACC0016A1Z7,2023-11-09,74366,0,0,13385.88,87751.88
INV-2024-0147,Enterprise 41 Ltd,01AAACC0041A1Z2,2024-02-06,350305,31527.45,31527.45,0,413359.9
INV-2024-0148,Nexus Traders,09GGGG5555A1Z7,2024-03-04,216759,0,0,39016.62,255775.62
INV-2024-0149,Enterprise 18 Ltd,09AAACC0018A1Z2,2023-11-19,215519,0,0,38793.42,254312.42
INV-2024-0150,Enterprise 21 Ltd,05AAACC0021A1Z8,2024-01-14,335795,0,0,60443.1,396238.1
INV-2024-0151,Prime Steels,33EEEE3333A1Z4,2024-01-17,58375,5253.75,5253.75,0,68882.5
INV-2024-0152,Enterprise 21 Ltd,05AAACC0021A1Z8,2023-12-25,820093,73808.37,73808.37,0,967709.74
INV-2024-0153,Enterprise 20 Ltd,05AAACC0020A1Z0,2023-12-21,523982,0,0,94316.76,618298.76
INV-2024-0154,Enterprise 3 Ltd,08AAACC0003A1Z5,2023-11-02,107074,0,0,19273.32,126347.32
INV-2024-0155,Apex Logistics,21CCCC1111A1Z2,2023-12-20,762206,0,0,137197.08,899403.08
INV-2024-0156,Enterprise 20 Ltd,05AAACC0020A1Z0,2024-01-23,185755,0,0,33435.9,219190.9
INV-2024-0157,Enterprise 32 Ltd,05AAACC0032A1Z3,2024-02-14,85033,0,0,15305.94,100338.94
INV-2024-0158,Enterprise 35 Ltd,03AAACC0035A1Z6,2024-03-08,454485,0,0,81807.3,536292.3
INV-2024-0159,Enterprise 43 Ltd,05AAACC0043A1Z3,2023-11-05,681041,61293.69,61293.69,0,803628.38
INV-2024-0160,Enterprise 27 Ltd,08AAACC0027A1Z8,2024-02-22,273733,24635.97,24635.97,0,323004.94
INV-2024-0161,Enterprise 36 Ltd,06AAACC0036A1Z4,2024-01-06,100344,9030.96,9030.96,0,118405.92
INV-2024-0162,Enterprise 13 Ltd,01AAACC0013A1Z8,2024-02-24,183829,16544.61,16544.61,0,216918.22
INV-2024-0163,Enterprise 36 Ltd,06AAACC0036A1Z4,2024-03-01,499628,44966.52,44966.52,0,589561.04
INV-2024-0164,Enterprise 43 Ltd,05AAACC0043A1Z3,2024-02-18,409356,0,0,73684.08,483040.08
INV-2024-0165,Global Corp,22BBBB0000A1Z5,2023-12-16,898759,80888.31,80888.31,0,1060535.62
INV-2024-0166,Enterprise 11 Ltd,09AAACC0011A1Z6,2023-12-15,126971,11427.39,11427.39,0,149825.78
INV-2024-0167,Enterprise 26 Ltd,02AAACC0026A1Z3,2024-02-03,438433,0,0,78917.94,517350.94
INV-2024-0168,Prime Steels,33EEEE3333A1Z4,2024-03-05,137699,12392.91,12392.91,0,162484.82
INV-2024-0169,Enterprise 5 Ltd,06AAACC0005A1Z7,2024-01-19,16311,0,0,2935.98,19246.98
INV-2024-0170,Enterprise 33 Ltd,02AAACC0033A1Z5,2024-02-01,365544,32898.96,32898.96,0,431341.92
INV-2024-0171,Enterprise 5 Ltd,06AAACC0005A1Z7,2024-02-23,808768,0,0,145578.24,954346.24
INV-2024-0172,Enterprise 23 Ltd,01AAACC0023A1Z7,2024-02-08,93240,0,0,16783.2,110023.2
INV-2024-0173,Enterprise 34 Ltd,01AAACC0034A1Z6,2024-01-18,586029,52742.61,52742.61,0,691514.22
INV-2024-0174,Enterprise 1 Ltd,03AAACC0001A1Z3,2023-11-03,144641,13017.69,13017.69,0,170676.38
INV-2024-0175,Enterprise 17 Ltd,04AAACC0017A1Z7,2023-11-01,807706,72693.54,72693.54,0,953093.08
INV-2024-0176,Nexus Traders,09GGGG5555A1Z7,2024-03-02,617405,0,0,111132.9,728537.9
INV-2024-0177,Enterprise 21 Ltd,05AAACC0021A1Z8,2023-11-05,295965,26636.85,26636.85,0,349238.7
INV-2024-0178,Enterprise 34 Ltd,01AAACC0034A1Z6,2023-11-02,278892,25100.28,25100.28,0,329092.56
INV-2024-0179,Enterprise 12 Ltd,01AAACC0012A1Z4,2024-03-13,812780,0,0,146300.4,959080.4
INV-2024-0180,Apex Logistics,21CCCC1111A1Z2,2023-11-24,706637,0,0,127194.66,833831.66
INV-2024-0181,Enterprise 8 Ltd,03AAACC0008A1Z8,2024-01-16,162528,0,0,29255.04,191783.04
INV-2024-0182,Enterprise 13 Ltd,01AAACC0013A1Z8,2024-01-03,371893,0,0,66940.74,438833.74
INV-2024-0183,Enterprise 16 Ltd,08AAACC0016A1Z7,2024-01-11,857318,77158.62,77158.62,0,1011635.24
INV-2024-0184,Enterprise 42 Ltd,02AAACC0042A1Z5,2024-03-11,786362,70772.58,70772.58,0,927907.16
INV-2024-0185,Enterprise 7 Ltd,01AAACC0007A1Z1,2023-12-28,300652,27058.68,27058.68,0,354769.36
INV-2024-0186,Enterprise 21 Ltd,05AAACC0021A1Z8,2024-02-05,668959,0,0,120412.62,789371.62
INV-2024-0187,Enterprise 40 Ltd,03AAACC0040A1Z7,2023-12-13,762432,0,0,137237.76,899669.76
INV-2024-0188,Enterprise 7 Ltd,01AAACC0007A1Z1,2024-03-06,522336,47010.24,47010.24,0,616356.48
INV-2024-0189,Enterprise 33 Ltd,02AAACC0033A1Z5,2023-12-24,74025,6662.25,6662.25,0,87349.5
INV-2024-0190,Enterprise 11 Ltd,09AAACC0011A1Z6,2024-03-06,275115,24760.35,24760.35,0,324635.7
INV-2024-0191,Enterprise 30 Ltd,04AAACC0030A1Z2,2024-02-10,95115,0,0,17120.7,112235.7
INV-2024-0192,Enterprise 30 Ltd,04AAACC0030A1Z2,2024-02-21,96066,8645.94,8645.94,0,113357.88
INV-2024-0193,Enterprise 39 Ltd,03AAACC0039A1Z5,2024-01-11,456186,41056.74,41056.74,0,538299.48
INV-2024-0194,Enterprise 40 Ltd,03AAACC0040A1Z7,2024-03-19,582023,52382.07,52382.07,0,686787.14
INV-2024-0195,Enterprise 8 Ltd,03AAACC0008A1Z8,2024-03-12,679460,61151.4,61151.4,0,801762.8
INV-2024-0196,Enterprise 31 Ltd,09AAACC0031A1Z6,2024-01-08,484245,43582.05,43582.05,0,571409.1
INV-2024-0197,Enterprise 16 Ltd,08AAACC0016A1Z7,2024-01-12,897904,0,0,161622.72,1059526.72
INV-2024-0198,TechNova Solutions,27AADCT1234E1Z1,2024-01-25,665320,0,0,119757.6,785077.6
INV-2024-0199,Enterprise 3 Ltd,08AAACC0003A1Z5,2023-12-05,435349,39181.41,39181.41,0,513711.82
INV-2024-0200,Enterprise 43 Ltd,05AAACC0043A1Z3,2023-11-26,495862,0,0,89255.16,585117.16
INV-2024-0201,Enterprise 9 Ltd,02AAACC0009A1Z6,2023-12-19,553520,49816.8,49816.8,0,653153.6
INV-2024-0202,Global Corp,22BBBB0000A1Z5,2024-03-02,476865,42917.85,42917.85,0,562700.7
INV-2024-0203,Prime Steels,33EEEE3333A1Z4,2023-11-09,32677,2940.93,2940.93,0,38558.86
INV-2024-0204,Enterprise 29 Ltd,01AAACC0029A1Z1,2023-12-22,218819,0,0,39387.42,258206.42
INV-2024-0205,Enterprise 25 Ltd,08AAACC0025A1Z3,2024-01-06,376703,0,0,67806.54,444509.54
INV-2024-0206,Enterprise 27 Ltd,08AAACC0027A1Z8,2024-02-12,421302,37917.18,37917.18,0,497136.36
INV-2024-0207,Enterprise 5 Ltd,06AAACC0005A1Z7,2024-03-02,626731,0,0,112811.58,739542.58
INV-2024-0208,Enterprise 35 Ltd,03AAACC0035A1Z6,2023-11-25,67428,6068.52,6068.52,0,79565.04
INV-2024-0209,Enterprise 3 Ltd,08AAACC0003A1Z5,2024-03-01,742484,0,0,133647.12,876131.12
INV-2024-0210,Global Corp,22BBBB0000A1Z5,2023-11-19,193952,0,0,34911.36,228863.36
INV-2024-0211,Enterprise 13 Ltd,01AAACC0013A1Z8,2024-02-06,541272,0,0,97428.96,638700.96
INV-2024-0212,Enterprise 22 Ltd,09AAACC0022A1Z0,2024-02-05,350117,0,0,63021.06,413138.06
INV-2024-0213,Enterprise 34 Ltd,01AAACC0034A1Z6,2023-11-06,382579,34432.11,34432.11,0,451443.22
INV-2024-0214,Enterprise 22 Ltd,09AAACC0022A1Z0,2024-02-14,592082,0,0,106574.76,698656.76
INV-2024-0215,Enterprise 27 Ltd,08AAACC0027A1Z8,2023-11-16,335481,0,0,60386.58,395867.58
INV-2024-0216,Enterprise 28 Ltd,03AAACC0028A1Z7,2024-03-11,769340,0,0,138481.2,907821.2
INV-2024-0217,Enterprise 12 Ltd,01AAACC0012A1Z4,2024-03-18,756922,0,0,136245.96,893167.96
INV-2024-0218,Enterprise 30 Ltd,04AAACC0030A1Z2,2024-01-19,333941,30054.69,30054.69,0,394050.38
INV-2024-0219,Enterprise 31 Ltd,09AAACC0031A1Z6,2023-11-02,409026,0,0,73624.68,482650.68
INV-2024-0220,Enterprise 31 Ltd,09AAACC0031A1Z6,2024-02-04,366528,32987.52,32987.52,0,432503.04
INV-2024-0221,Enterprise 3 Ltd,08AAACC0003A1Z5,2024-03-15,662984,0,0,119337.12,782321.12
INV-2024-0222,Enterprise 12 Ltd,01AAACC0012A1Z4,2023-12-17,708826,63794.34,63794.34,0,836414.68
INV-2024-0223,Enterprise 37 Ltd,01AAACC0037A1Z0,2024-03-04,877605,78984.45,78984.45,0,1035573.9
INV-2024-0224,Enterprise 18 Ltd,09AAACC0018A1Z2,2023-11-28,325862,29327.58,29327.58,0,384517.16
INV-2024-0225,Enterprise 27 Ltd,08AAACC0027A1Z8,2024-03-09,485882,43729.38,43729.38,0,573340.76
INV-2024-0226,Enterprise 6 Ltd,02AAACC0006A1Z2,2024-03-20,51478,4633.02,4633.02,0,60744.04
INV-2024-0227,Enterprise 14 Ltd,03AAACC0014A1Z5,2024-03-04,540592,0,0,97306.56,637898.56
INV-2024-0228,Enterprise 12 Ltd,01AAACC0012A1Z4,2024-01-05,838342,75450.78,75450.78,0,989243.56
INV-2024-0229,Enterprise 16 Ltd,08AAACC0016A1Z7,2023-12-04,361521,32536.89,32536.89,0,426594.78
INV-2024-0230,Enterprise 13 Ltd,01AAACC0013A1Z8,2024-02-10,23336,2100.24,2100.24,0,27536.48
INV-2024-0231,Enterprise 1 Ltd,03AAACC0001A1Z3,2024-01-13,230407,20736.63,20736.63,0,271880.26
INV-2024-0232,TechNova Solutions,27AADCT1234E1Z1,2023-12-24,210077,0,0,37813.86,247890.86
INV-2024-0233,Prime Steels,33EEEE3333A1Z4,2024-02-22,180318,16228.62,16228.62,0,212775.24
INV-2024-0234,Global Corp,22BBBB0000A1Z5,2024-02-28,672387,60514.83,60514.83,0,793416.66
INV-2024-0235,Enterprise 13 Ltd,01AAACC0013A1Z8,2023-11-03,223021,20071.89,20071.89,0,263164.78
INV-2024-0236,Enterprise 11 Ltd,09AAACC0011A1Z6,2023-11-15,469493,42254.37,42254.37,0,554001.74
INV-2024-0237,Prime Steels,33EEEE3333A1Z4,2024-03-09,448722,40384.98,40384.98,0,529491.96
INV-2024-0238,Enterprise 35 Ltd,03AAACC0035A1Z6,2023-11-03,811872,73068.48,73068.48,0,958008.96
INV-2024-0239,Enterprise 33 Ltd,02AAACC0033A1Z5,2024-02-13,324827,0,0,58468.86,383295.86
INV-2024-0240,Enterprise 39 Ltd,03AAACC0039A1Z5,2024-03-06,374731,33725.79,33725.79,0,442182.58
INV-2024-0241,Enterprise 1 Ltd,03AAACC0001A1Z3,2023-11-03,518122,46630.98,46630.98,0,611383.96
INV-2024-0242,Enterprise 30 Ltd,04AAACC0030A1Z2,2023-11-26,386226,34760.34,34760.34,0,455746.68
INV-2024-0243,Prime Steels,33EEEE3333A1Z4,2024-02-05,658336,59250.24,59250.24,0,776836.48
INV-2024-0244,Enterprise 43 Ltd,05AAACC0043A1Z3,2024-01-28,110038,0,0,19806.84,129844.84
INV-2024-0245,Enterprise 26 Ltd,02AAACC0026A1Z3,2024-01-21,15462,0,0,2783.16,18245.16
INV-2024-0246,TechNova Solutions,27AADCT1234E1Z1,2024-02-20,36533,0,0,6575.94,43108.94
INV-2024-0247,Enterprise 20 Ltd,05AAACC0020A1Z0,2023-11-27,590510,53145.9,53145.9,0,696801.8
INV-2024-0248,Enterprise 5 Ltd,06AAACC0005A1Z7,2024-03-15,746464,67181.76,67181.76,0,880827.52
INV-2024-0249,Enterprise 2 Ltd,08AAACC0002A1Z5,2023-12-08,444459,0,0,80002.62,524461.62
INV-2024-0250,Enterprise 13 Ltd,01AAACC0013A1Z8,2023-12-27,796515,0,0,143372.7,939887.7
INV-2024-0251,Enterprise 43 Ltd,05AAACC0043A1Z3,2024-03-05,532660,47939.4,47939.4,0,628538.8
INV-2024-0252,Dynamic Dealers,24DDDD2222A1Z3,2024-02-13,536445,0,0,96560.1,633005.1
INV-2024-0253,Enterprise 23 Ltd,01AAACC0023A1Z7,2024-01-20,413052,37174.68,37174.68,0,487401.36
INV-2024-0254,Enterprise 22 Ltd,09AAACC0022A1Z0,2023-11-21,324207,0,0,58357.26,382564.26
INV-2024-0255,Enterprise 13 Ltd,01AAACC0013A1Z8,2023-11-22,669625,0,0,120532.5,790157.5
INV-2024-0256,Enterprise 14 Ltd,03AAACC0014A1Z5,2024-01-04,884979,0,0,159296.22,1044275.22
INV-2024-0257,Enterprise 1 Ltd,03AAACC0001A1Z3,2023-11-08,779311,0,0,140275.98,919586.98
INV-2024-0258,Enterprise 42 Ltd,02AAACC0042A1Z5,2023-11-04,236920,21322.8,21322.8,0,279565.6
INV-2024-0259,Global Corp,22BBBB0000A1Z5,2024-02-15,387013,34831.17,34831.17,0,456675.34
INV-2024-0260,Enterprise 34 Ltd,01AAACC0034A1Z6,2024-03-22,591093,0,0,106396.74,697489.74
INV-2024-0261,Enterprise 18 Ltd,09AAACC0018A1Z2,2023-11-15,155204,0,0,27936.72,183140.72
INV-2024-0262,Global Corp,22BBBB0000A1Z5,2024-01-05,353972,31857.48,31857.48,0,417686.96
INV-2024-0263,Enterprise 32 Ltd,05AAACC0032A1Z3,2024-03-17,22141,1992.69,1992.69,0,26126.38
INV-2024-0264,Enterprise 12 Ltd,01AAACC0012A1Z4,2023-12-17,425584,0,0,76605.12,502189.12
INV-2024-0265,Enterprise 3 Ltd,08AAACC0003A1Z5,2024-02-28,252734,0,0,45492.12,298226.12
INV-2024-0266,Enterprise 36 Ltd,06AAACC0036A1Z4,2023-11-07,408820,0,0,73587.6,482407.6
INV-2024-0267,Enterprise 38 Ltd,04AAACC0038A1Z2,2023-11-14,460123,0,0,82822.14,542945.14
INV-2024-0268,Apex Logistics,21CCCC1111A1Z2,2024-03-01,847533,0,0,152555.94,1000088.94
INV-2024-0269,Apex Logistics,21CCCC1111A1Z2,2023-12-07,538656,0,0,96958.08,635614.08
INV-2024-0270,Apex Logistics,21CCCC1111A1Z2,2024-01-14,830166,0,0,149429.88,979595.88
INV-2024-0271,Enterprise 37 Ltd,01AAACC0037A1Z0,2023-12-15,835165,75164.85,75164.85,0,985494.7
INV-2024-0272,Global Corp,22BBBB0000A1Z5,2024-02-28,709423,0,0,127696.14,837119.14
INV-2024-0273,Enterprise 31 Ltd,09AAACC0031A1Z6,2024-03-16,17934,0,0,3228.12,21162.12
INV-2024-0274,Enterprise 35 Ltd,03AAACC0035A1Z6,2024-02-06,121846,0,0,21932.28,143778.28
INV-2024-0275,Enterprise 22 Ltd,09AAACC0022A1Z0,2024-03-12,196902,17721.18,17721.18,0,232344.36
INV-2024-0276,Enterprise 15 Ltd,02AAACC0015A1Z7,2024-02-26,460149,0,0,82826.82,542975.82
INV-2024-0277,Enterprise 6 Ltd,02AAACC0006A1Z2,2024-01-19,485244,43671.96,43671.96,0,572587.92
INV-2024-0278,Enterprise 26 Ltd,02AAACC0026A1Z3,2024-01-01,874536,0,0,157416.48,1031952.48
INV-2024-0279,Enterprise 40 Ltd,03AAACC0040A1Z7,2023-11-26,330005,29700.45,29700.45,0,389405.9
INV-2024-0280,Enterprise 6 Ltd,02AAACC0006A1Z2,2024-03-14,256414,0,0,46154.52,302568.52
INV-2024-0281,Enterprise 20 Ltd,05AAACC0020A1Z0,2023-12-25,758825,68294.25,68294.25,0,895413.5
INV-2024-0282,Enterprise 12 Ltd,01AAACC0012A1Z4,2024-01-02,732554,0,0,131859.72,864413.72
INV-2024-0283,Enterprise 43 Ltd,05AAACC0043A1Z3,2023-11-13,506399,45575.91,45575.91,0,597550.82
INV-2024-0284,Enterprise 25 Ltd,08AAACC0025A1Z3,2024-03-09,720765,64868.85,64868.85,0,850502.7
INV-2024-0285,Enterprise 41 Ltd,01AAACC0041A1Z2,2023-11-12,881908,0,0,158743.44,1040651.44
INV-2024-0286,Enterprise 9 Ltd,02AAACC0009A1Z6,2024-02-11,89872,8088.48,8088.48,0,106048.96
INV-2024-0287,Enterprise 23 Ltd,01AAACC0023A1Z7,2024-01-24,811578,73042.02,73042.02,0,957662.04
INV-2024-0288,Enterprise 37 Ltd,01AAACC0037A1Z0,2024-01-07,232458,20921.22,20921.22,0,274300.44
INV-2024-0289,Enterprise 23 Ltd,01AAACC0023A1Z7,2024-01-18,327342,29460.78,29460.78,0,386263.56
INV-2024-0290,Enterprise 41 Ltd,01AAACC0041A1Z2,2024-02-21,553455,0,0,99621.9,653076.9
INV-2024-0291,Enterprise 21 Ltd,05AAACC0021A1Z8,2023-11-16,186768,16809.12,16809.12,0,220386.24
INV-2024-0292,Enterprise 27 Ltd,08AAACC0027A1Z8,2024-02-20,422388,0,0,76029.84,498417.84
INV-2024-0293,Enterprise 24 Ltd,08AAACC0024A1Z4,2024-01-16,231094,20798.46,20798.46,0,272690.92
INV-2024-0294,Enterprise 25 Ltd,08AAACC0025A1Z3,2024-03-15,91480,8233.2,8233.2,0,107946.4
INV-2024-0295,Enterprise 22 Ltd,09AAACC0022A1Z0,2023-11-19,886508,79785.72,79785.72,0,1046079.44
INV-2024-0296,Enterprise 9 Ltd,02AAACC0009A1Z6,2024-02-06,582327,0,0,104818.86,687145.86
INV-2024-0297,Enterprise 27 Ltd,08AAACC0027A1Z8,2024-03-25,685411,61686.99,61686.99,0,808784.98
INV-2024-0298,Enterprise 29 Ltd,01AAACC0029A1Z1,2023-11-27,670312,0,0,120656.16,790968.16
INV-2024-0299,Enterprise 41 Ltd,01AAACC0041A1Z2,2024-02-22,907052,81634.68,81634.68,0,1070321.36
INV-2024-0300,Nexus Traders,09GGGG5555A1Z7,2024-03-09,759537,0,0,136716.66,896253.66
INV-2024-0301,Enterprise 11 Ltd,09AAACC0011A1Z6,2023-12-21,904742,0,0,162853.56,1067595.56
INV-2024-0302,Enterprise 30 Ltd,04AAACC0030A1Z2,2024-01-27,381942,0,0,68749.56,450691.56
INV-2024-0303,Enterprise 36 Ltd,06AAACC0036A1Z4,2023-11-14,320518,0,0,57693.24,378211.24
INV-2024-0304,Enterprise 29 Ltd,01AAACC0029A1Z1,2024-03-08,752949,67765.41,67765.41,0,888479.82
INV-2024-0305,Apex Logistics,21CCCC1111A1Z2,2023-11-16,194047,17464.23,17464.23,0,228975.46
INV-2024-0306,Apex Logistics,21CCCC1111A1Z2,2024-03-19,710407,0,0,127873.26,838280.26
INV-2024-0307,Enterprise 3 Ltd,08AAACC0003A1Z5,2023-12-11,882462,0,0,158843.16,1041305.16
INV-2024-0308,Enterprise 18 Ltd,09AAACC0018A1Z2,2024-03-15,726736,0,0,130812.48,857548.48
INV-2024-0309,Enterprise 30 Ltd,04AAACC0030A1Z2,2024-03-18,305625,0,0,55012.5,360637.5
INV-2024-0310,Enterprise 37 Ltd,01AAACC0037A1Z0,2024-02-26,302115,0,0,54380.7,356495.7
INV-2024-0311,Enterprise 9 Ltd,02AAACC0009A1Z6,2024-02-12,213581,19222.29,19222.29,0,252025.58
INV-2024-0312,Enterprise 15 Ltd,02AAACC0015A1Z7,2023-11-15,466323,41969.07,41969.07,0,550261.14
INV-2024-0313,Enterprise 3 Ltd,08AAACC0003A1Z5,2024-03-10,785374,70683.66,70683.66,0,926741.32
INV-2024-0314,Enterprise 38 Ltd,04AAACC0038A1Z2,2024-03-08,88457,0,0,15922.26,104379.26
INV-2024-0315,Global Corp,22BBBB0000A1Z5,2024-01-09,732620,0,0,131871.6,864491.6
INV-2024-0316,Enterprise 5 Ltd,06AAACC0005A1Z7,2024-03-12,297449,0,0,53540.82,350989.82
INV-2024-0317,Enterprise 9 Ltd,02AAACC0009A1Z6,2023-12-13,365365,0,0,65765.7,431130.7
INV-2024-0318,Enterprise 11 Ltd,09AAACC0011A1Z6,2023-11-18,686717,0,0,123609.06,810326.06
INV-2024-0319,Enterprise 5 Ltd,06AAACC0005A1Z7,2024-02-23,563251,50692.59,50692.59,0,664636.18
INV-2024-0320,Enterprise 22 Ltd,09AAACC0022A1Z0,2023-12-17,741315,0,0,133436.7,874751.7
INV-2024-0321,Enterprise 22 Ltd,09AAACC0022A1Z0,2024-01-23,391133,0,0,70403.94,461536.94
INV-2024-0322,Enterprise 1 Ltd,03AAACC0001A1Z3,2024-03-21,103421,9307.89,9307.89,0,122036.78
INV-2024-0323,Enterprise 29 Ltd,01AAACC0029A1Z1,2023-11-27,400622,36055.98,36055.98,0,472733.96
INV-2024-0324,Enterprise 6 Ltd,02AAACC0006A1Z2,2023-11-09,687663,61889.67,61889.67,0,811442.34
INV-2024-0325,Enterprise 13 Ltd,01AAACC0013A1Z8,2023-12-24,356498,32084.82,32084.82,0,420667.64
INV-2024-0326,Enterprise 11 Ltd,09AAACC0011A1Z6,2024-02-09,824166,74174.94,74174.94,0,972515.88
INV-2024-0327,Global Corp,22BBBB0000A1Z5,2023-12-07,570827,51374.43,51374.43,0,673575.86
INV-2024-0328,Enterprise 19 Ltd,01AAACC0019A1Z1,2024-03-18,68090,0,0,12256.2,80346.2
INV-2024-0329,TechNova Solutions,27AADCT1234E1Z1,2023-11-08,668066,60125.94,60125.94,0,788317.88
INV-2024-0330,Enterprise 10 Ltd,01AAACC0010A1Z0,2024-03-14,82458,7421.22,7421.22,0,97300.44
INV-2024-0331,Enterprise 9 Ltd,02AAACC0009A1Z6,2024-01-17,500825,45074.25,45074.25,0,590973.5
INV-2024-0332,Enterprise 5 Ltd,06AAACC0005A1Z7,2023-11-13,143153,0,0,25767.54,168920.54
INV-2024-0333,Enterprise 17 Ltd,04AAACC0017A1Z7,2023-11-23,92879,8359.11,8359.11,0,109597.22
INV-2024-0334,Enterprise 31 Ltd,09AAACC0031A1Z6,2024-03-24,514275,0,0,92569.5,606844.5
INV-2024-0335,Apex Logistics,21CCCC1111A1Z2,2024-02-22,97434,0,0,17538.12,114972.12
INV-2024-0336,Enterprise 35 Ltd,03AAACC0035A1Z6,2024-03-23,784974,70647.66,70647.66,0,926269.32
INV-2024-0337,Enterprise 16 Ltd,08AAACC0016A1Z7,2023-12-02,168453,15160.77,15160.77,0,198774.54
INV-2024-0338,Enterprise 29 Ltd,01AAACC0029A1Z1,2024-01-04,318292,0,0,57292.56,375584.56
INV-2024-0339,Enterprise 32 Ltd,05AAACC0032A1Z3,2024-03-09,648997,0,0,116819.46,765816.46
INV-2024-0340,Enterprise 28 Ltd,03AAACC0028A1Z7,2024-01-10,461809,0,0,83125.62,544934.62
INV-2024-0341,Enterprise 38 Ltd,04AAACC0038A1Z2,2024-01-15,685684,61711.56,61711.56,0,809107.12
INV-2024-0342,Enterprise 41 Ltd,01AAACC0041A1Z2,2024-02-25,173799,15641.91,15641.91,0,205082.82
INV-2024-0343,Enterprise 30 Ltd,04AAACC0030A1Z2,2024-03-24,416836,37515.24,37515.24,0,491866.48
INV-2024-0344,Enterprise 16 Ltd,08AAACC0016A1Z7,2023-12-26,257685,23191.65,23191.65,0,304068.3
INV-2024-0345,Enterprise 16 Ltd,08AAACC0016A1Z7,2023-12-25,363875,0,0,65497.5,429372.5
INV-2024-0346,Enterprise 8 Ltd,03AAACC0008A1Z8,2024-01-13,845187,76066.83,76066.83,0,997320.66
INV-2024-0347,Enterprise 17 Ltd,04AAACC0017A1Z7,2023-11-14,256211,0,0,46117.98,302328.98
INV-2024-0348,Enterprise 18 Ltd,09AAACC0018A1Z2,2024-01-02,876394,78875.46,78875.46,0,1034144.92
INV-2024-0349,Enterprise 14 Ltd,03AAACC0014A1Z5,2024-02-17,627645,56488.05,56488.05,0,740621.1
INV-2024-0350,Enterprise 36 Ltd,06AAACC0036A1Z4,2023-12-26,168677,15180.93,15180.93,0,199038.86
INV-2024-0351,Prime Steels,33EEEE3333A1Z4,2024-01-10,482751,0,0,86895.18,569646.18
INV-2024-0352,Enterprise 17 Ltd,04AAACC0017A1Z7,2023-11-20,120378,0,0,21668.04,142046.04
INV-2024-0353,Enterprise 14 Ltd,03AAACC0014A1Z5,2024-01-22,501144,0,0,90205.92,591349.92
INV-2024-0354,Enterprise 5 Ltd,06AAACC0005A1Z7,2023-11-25,306109,27549.81,27549.81,0,361208.62
INV-2024-0355,TechNova Solutions,27AADCT1234E1Z1,2024-03-18,725965,0,0,130673.7,856638.7
INV-2024-0356,TechNova Solutions,27AADCT1234E1Z1,2024-03-14,860606,77454.54,77454.54,0,1015515.08
INV-2024-0357,Enterprise 34 Ltd,01AAACC0034A1Z6,2024-02-20,751490,67634.1,67634.1,0,886758.2
INV-2024-0358,Enterprise 32 Ltd,05AAACC0032A1Z3,2023-12-24,316056,28445.04,28445.04,0,372946.08
INV-2024-0359,Enterprise 37 Ltd,01AAACC0037A1Z0,2024-03-20,30359,2732.31,2732.31,0,35823.62
INV-2024-0360,Enterprise 26 Ltd,02AAACC0026A1Z3,2024-03-26,264420,23797.8,23797.8,0,312015.6
INV-2024-0361,Enterprise 43 Ltd,05AAACC0043A1Z3,2024-01-04,156299,0,0,28133.82,184432.82
INV-2024-0362,Enterprise 34 Ltd,01AAACC0034A1Z6,2024-02-20,41547,0,0,7478.46,49025.46
INV-2024-0363,Enterprise 36 Ltd,06AAACC0036A1Z4,2024-01-25,728665,65579.85,65579.85,0,859824.7
INV-2024-0364,Enterprise 23 Ltd,01AAACC0023A1Z7,2023-11-07,828957,0,0,149212.26,978169.26
INV-2024-0365,Enterprise 39 Ltd,03AAACC0039A1Z5,2024-03-09,700420,0,0,126075.6,826495.6
INV-2024-0366,TechNova Solutions,27AADCT1234E1Z1,2023-12-20,448474,40362.66,40362.66,0,529199.32
INV-2024-0367,Enterprise 36 Ltd,06AAACC0036A1Z4,2023-12-24,477573,42981.57,42981.57,0,563536.14
INV-2024-0368,Enterprise 17 Ltd,04AAACC0017A1Z7,2024-01-21,885417,79687.53,79687.53,0,1044792.06
INV-2024-0369,Enterprise 19 Ltd,01AAACC0019A1Z1,2023-12-10,834779,0,0,150260.22,985039.22
INV-2024-0370,Enterprise 8 Ltd,03AAACC0008A1Z8,2024-01-03,180665,16259.85,16259.85,0,213184.7
INV-2024-0371,Enterprise 30 Ltd,04AAACC0030A1Z2,2024-03-04,145032,0,0,26105.76,171137.76
INV-2024-0372,Enterprise 23 Ltd,01AAACC0023A1Z7,2024-01-27,210907,18981.63,18981.63,0,248870.26
INV-2024-0373,Enterprise 41 Ltd,01AAACC0041A1Z2,2023-11-21,485620,0,0,87411.6,573031.6
INV-2024-0374,Enterprise 6 Ltd,02AAACC0006A1Z2,2023-12-27,265966,0,0,47873.88,313839.88
INV-2024-0375,Enterprise 30 Ltd,04AAACC0030A1Z2,2023-11-23,831835,0,0,149730.3,981565.3
INV-2024-0376,Enterprise 24 Ltd,08AAACC0024A1Z4,2024-03-03,303563,27320.67,27320.67,0,358204.34
INV-2024-0377,Enterprise 17 Ltd,04AAACC0017A1Z7,2023-12-17,600063,0,0,108011.34,708074.34
INV-2024-0378,Enterprise 4 Ltd,07AAACC0004A1Z3,2024-01-24,74678,6721.02,6721.02,0,88120.04
INV-2024-0379,Enterprise 31 Ltd,09AAACC0031A1Z6,2023-12-12,173964,0,0,31313.52,205277.52
INV-2024-0380,Enterprise 34 Ltd,01AAACC0034A1Z6,2024-02-16,799231,71930.79,71930.79,0,943092.58
INV-2024-0381,Enterprise 35 Ltd,03AAACC0035A1Z6,2024-02-06,470896,0,0,84761.28,555657.28
INV-2024-0382,Enterprise 39 Ltd,03AAACC0039A1Z5,2023-11-25,517258,0,0,93106.44,610364.44
INV-2024-0383,Enterprise 24 Ltd,08AAACC0024A1Z4,2023-11-13,561112,50500.08,50500.08,0,662112.16
INV-2024-0384,Enterprise 40 Ltd,03AAACC0040A1Z7,2023-11-06,906199,0,0,163115.82,1069314.82
INV-2024-0385,Enterprise 40 Ltd,03AAACC0040A1Z7,2024-03-18,320868,0,0,57756.24,378624.24
INV-2024-0386,Enterprise 6 Ltd,02AAACC0006A1Z2,2023-11-25,541925,48773.25,48773.25,0,639471.5
INV-2024-0387,Enterprise 8 Ltd,03AAACC0008A1Z8,2024-02-12,309537,0,0,55716.66,365253.66
INV-2024-0388,Enterprise 17 Ltd,04AAACC0017A1Z7,2024-01-20,546866,49217.94,49217.94,0,645301.88
INV-2024-0389,Enterprise 11 Ltd,09AAACC0011A1Z6,2023-11-01,202028,0,0,36365.04,238393.04
INV-2024-0390,Enterprise 43 Ltd,05AAACC0043A1Z3,2024-03-05,144696,0,0,26045.28,170741.28
INV-2024-0391,Enterprise 11 Ltd,09AAACC0011A1Z6,2023-12-04,155030,0,0,27905.4,182935.4
INV-2024-0392,Enterprise 18 Ltd,09AAACC0018A1Z2,2024-02-26,854993,76949.37,76949.37,0,1008891.74
INV-2024-0393,Enterprise 10 Ltd,01AAACC0010A1Z0,2023-11-23,645200,58068,58068,0,761336
INV-2024-0394,Enterprise 22 Ltd,09AAACC0022A1Z0,2023-11-28,311299,0,0,56033.82,367332.82
INV-2024-0395,Enterprise 9 Ltd,02AAACC0009A1Z6,2024-01-16,221325,19919.25,19919.25,0,261163.5
INV-2024-0396,Enterprise 35 Ltd,03AAACC0035A1Z6,2023-12-25,359311,0,0,64675.98,423986.98
INV-2024-0397,Enterprise 1 Ltd,03AAACC0001A1Z3,2024-01-17,230192,0,0,41434.56,271626.56
INV-2024-0398,Enterprise 28 Ltd,03AAACC0028A1Z7,2023-12-01,585825,0,0,105448.5,691273.5
INV-2024-0399,Prime Steels,33EEEE3333A1Z4,2024-03-15,422090,0,0,75976.2,498066.2
INV-2024-0400,Enterprise 15 Ltd,02AAACC0015A1Z7,2023-12-09,128018,11521.62,11521.62,0,151061.24
INV-2024-0401,Enterprise 35 Ltd,03AAACC0035A1Z6,2024-03-22,200624,18056.16,18056.16,0,236736.32
INV-2024-0402,Enterprise 8 Ltd,03AAACC0008A1Z8,2024-03-07,285330,0,0,51359.4,336689.4
INV-2024-0403,Enterprise 21 Ltd,05AAACC0021A1Z8,2023-11-09,704429,63398.61,63398.61,0,831226.22
INV-2024-0404,Enterprise 34 Ltd,01AAACC0034A1Z6,2024-01-24,498064,44825.76,44825.76,0,587715.52
INV-2024-0405,Enterprise 27 Ltd,08AAACC0027A1Z8,2024-03-03,72284,0,0,13011.12,85295.12
INV-2024-0406,Enterprise 4 Ltd,07AAACC0004A1Z3,2024-01-06,552018,49681.62,49681.62,0,651381.24
INV-2024-0407,Enterprise 16 Ltd,08AAACC0016A1Z7,2023-11-21,612853,55156.77,55156.77,0,723166.54
INV-2024-0408,Enterprise 43 Ltd,05AAACC0043A1Z3,2024-03-08,92264,0,0,16607.52,108871.52
INV-2024-0409,Enterprise 40 Ltd,03AAACC0040A1Z7,2024-01-09,329485,0,0,59307.3,388792.3
INV-2024-0410,Enterprise 10 Ltd,01AAACC0010A1Z0,2024-02-25,602773,0,0,108499.14,711272.14
INV-2024-0411,Rapid Delivery,14FFFF4444A1Z6,2023-12-01,578108,52029.72,52029.72,0,682167.44
INV-2024-0412,Enterprise 32 Ltd,05AAACC0032A1Z3,2023-11-19,864875,0,0,155677.5,1020552.5
INV-2024-0413,Enterprise 34 Ltd,01AAACC0034A1Z6,2024-01-07,40887,3679.83,3679.83,0,48246.66
INV-2024-0414,Enterprise 14 Ltd,03AAACC0014A1Z5,2024-01-24,181986,0,0,32757.48,214743.48
INV-2024-0415,Enterprise 25 Ltd,08AAACC0025A1Z3,2023-11-06,109537,0,0,19716.66,129253.66
INV-2024-0416,Enterprise 30 Ltd,04AAACC0030A1Z2,2024-03-01,512455,0,0,92241.9,604696.9
INV-2024-0417,Enterprise 24 Ltd,08AAACC0024A1Z4,2024-03-24,597358,53762.22,53762.22,0,704882.44
INV-2024-0418,Enterprise 33 Ltd,02AAACC0033A1Z5,2024-01-22,575471,0,0,103584.78,679055.78
INV-2024-0419,Enterprise 5 Ltd,06AAACC0005A1Z7,2023-12-12,182789,16451.01,16451.01,0,215691.02
INV-2024-0420,Enterprise 14 Ltd,03AAACC0014A1Z5,2024-01-20,123971,11157.39,11157.39,0,146285.78
INV-2024-0421,Enterprise 12 Ltd,01AAACC0012A1Z4,2024-03-02,450394,0,0,81070.92,531464.92
INV-2024-0422,Enterprise 16 Ltd,08AAACC0016A1Z7,2024-02-01,694014,62461.26,62461.26,0,818936.52
INV-2024-0423,Global Corp,22BBBB0000A1Z5,2024-02-27,456668,41100.12,41100.12,0,538868.24
INV-2024-0424,Enterprise 39 Ltd,03AAACC0039A1Z5,2024-02-15,736849,0,0,132632.82,869481.82
INV-2024-0425,Enterprise 38 Ltd,04AAACC0038A1Z2,2024-03-17,668835,0,0,120390.3,789225.3
INV-2024-0426,Global Corp,22BBBB0000A1Z5,2024-01-26,606363,54572.67,54572.67,0,715508.34
INV-2024-0427,Enterprise 13 Ltd,01AAACC0013A1Z8,2024-02-14,121304,0,0,21834.72,143138.72
INV-2024-0428,Enterprise 22 Ltd,09AAACC0022A1Z0,2023-12-07,40360,0,0,7264.8,47624.8
INV-2024-0429,Enterprise 18 Ltd,09AAACC0018A1Z2,2024-03-02,199125,0,0,35842.5,234967.5
INV-2024-0430,Enterprise 25 Ltd,08AAACC0025A1Z3,2024-03-03,682971,61467.39,61467.39,0,805905.78
INV-2024-0431,Enterprise 1 Ltd,03AAACC0001A1Z3,2023-12-20,426571,0,0,76782.78,503353.78
INV-2024-0432,Enterprise 15 Ltd,02AAACC0015A1Z7,2023-12-11,427758,0,0,76996.44,504754.44
INV-2024-0433,Enterprise 17 Ltd,04AAACC0017A1Z7,2024-02-23,789126,0,0,142042.68,931168.68
INV-2024-0434,Enterprise 11 Ltd,09AAACC0011A1Z6,2024-02-05,745866,0,0,134255.88,880121.88
INV-2024-0435,Enterprise 18 Ltd,09AAACC0018A1Z2,2024-01-23,344563,0,0,62021.34,406584.34
INV-2024-0436,Enterprise 41 Ltd,01AAACC0041A1Z2,2024-01-27,764805,68832.45,68832.45,0,902469.9
INV-2024-0437,Enterprise 42 Ltd,02AAACC0042A1Z5,2024-02-18,50891,4580.19,4580.19,0,60051.38
INV-2024-0438,Enterprise 2 Ltd,08AAACC0002A1Z5,2024-01-03,452519,0,0,81453.42,533972.42
INV-2024-0439,Global Corp,22BBBB0000A1Z5,2024-03-23,200462,0,0,36083.16,236545.16
INV-2024-0440,Enterprise 14 Ltd,03AAACC0014A1Z5,2023-12-26,35549,0,0,6398.82,41947.82
INV-2024-0441,Enterprise 20 Ltd,05AAACC0020A1Z0,2023-11-26,242827,21854.43,21854.43,0,286535.86
INV-2024-0442,Enterprise 26 Ltd,02AAACC0026A1Z3,2024-01-19,138737,12486.33,12486.33,0,163709.66
INV-2024-0443,Rapid Delivery,14FFFF4444A1Z6,2024-02-16,874721,78724.89,78724.89,0,1032170.78
INV-2024-0444,Rapid Delivery,14FFFF4444A1Z6,2024-02-12,654179,0,0,117752.22,771931.22
INV-2024-0445,Enterprise 29 Ltd,01AAACC0029A1Z1,2024-03-06,525682,0,0,94622.76,620304.76
INV-2024-0446,Enterprise 36 Ltd,06AAACC0036A1Z4,2024-03-11,323286,0,0,58191.48,381477.48
INV-2024-0447,Enterprise 32 Ltd,05AAACC0032A1Z3,2024-03-03,288152,0,0,51867.36,340019.36
INV-2024-0448,Enterprise 3 Ltd,08AAACC0003A1Z5,2024-03-06,276770,0,0,49818.6,326588.6
INV-2024-0449,Enterprise 41 Ltd,01AAACC0041A1Z2,2024-02-03,552445,0,0,99440.1,651885.1
INV-2024-0450,Enterprise 27 Ltd,08AAACC0027A1Z8,2023-12-02,598792,53891.28,53891.28,0,706574.56
INV-2024-0451,Apex Logistics,21CCCC1111A1Z2,2023-11-18,657122,0,0,118281.96,775403.96
INV-2024-0452,Enterprise 40 Ltd,03AAACC0040A1Z7,2024-03-27,554033,49862.97,49862.97,0,653758.94
INV-2024-0453,Enterprise 19 Ltd,01AAACC0019A1Z1,2024-01-12,437104,0,0,78678.72,515782.72
INV-2024-0454,Enterprise 16 Ltd,08AAACC0016A1Z7,2024-01-12,467761,42098.49,42098.49,0,551957.98
INV-2024-0455,Enterprise 37 Ltd,01AAACC0037A1Z0,2023-11-12,78403,0,0,14112.54,92515.54
INV-2024-0456,Enterprise 31 Ltd,09AAACC0031A1Z6,2023-11-21,648635,58377.15,58377.15,0,765389.3
INV-2024-0457,Enterprise 16 Ltd,08AAACC0016A1Z7,2023-11-19,368005,0,0,66240.9,434245.9
INV-2024-0458,Enterprise 18 Ltd,09AAACC0018A1Z2,2023-11-01,240522,0,0,43293.96,283815.96
INV-2024-0459,Enterprise 40 Ltd,03AAACC0040A1Z7,2024-03-06,897322,0,0,161517.96,1058839.96
INV-2024-0460,Enterprise 35 Ltd,03AAACC0035A1Z6,2023-12-15,778060,70025.4,70025.4,0,918110.8
INV-2024-0461,Enterprise 41 Ltd,01AAACC0041A1Z2,2024-03-22,509555,0,0,91719.9,601274.9
INV-2024-0462,Enterprise 41 Ltd,01AAACC0041A1Z2,2024-02-19,590827,53174.43,53174.43,0,697175.86
INV-2024-0463,Nexus Traders,09GGGG5555A1Z7,2024-01-12,283123,0,0,50962.14,334085.14
INV-2024-0464,Enterprise 15 Ltd,02AAACC0015A1Z7,2023-12-16,799492,0,0,143908.56,943400.56
INV-2024-0465,Prime Steels,33EEEE3333A1Z4,2023-11-06,224802,0,0,40464.36,265266.36
INV-2024-0466,Enterprise 29 Ltd,01AAACC0029A1Z1,2024-02-17,831985,0,0,149757.3,981742.3
INV-2024-0467,Enterprise 43 Ltd,05AAACC0043A1Z3,2023-12-08,667719,0,0,120189.42,787908.42
INV-2024-0468,Global Corp,22BBBB0000A1Z5,2024-02-09,552264,0,0,99407.52,651671.52
INV-2024-0469,Enterprise 10 Ltd,01AAACC0010A1Z0,2023-12-21,318701,0,0,57366.18,376067.18
INV-2024-0470,Enterprise 28 Ltd,03AAACC0028A1Z7,2024-01-04,378099,0,0,68057.82,446156.82
INV-2024-0471,Enterprise 3 Ltd,08AAACC0003A1Z5,2024-03-13,170621,15355.89,15355.89,0,201332.78
INV-2024-0472,Enterprise 11 Ltd,09AAACC0011A1Z6,2023-11-20,812233,73100.97,73100.97,0,958434.94
INV-2024-0473,Enterprise 28 Ltd,03AAACC0028A1Z7,2023-12-03,598937,0,0,107808.66,706745.66
INV-2024-0474,Enterprise 3 Ltd,08AAACC0003A1Z5,2024-01-27,624823,56234.07,56234.07,0,737291.14
INV-2024-0475,Enterprise 15 Ltd,02AAACC0015A1Z7,2024-01-01,512787,46150.83,46150.83,0,605088.66
INV-2024-0476,Enterprise 15 Ltd,02AAACC0015A1Z7,2024-01-01,677348,60961.32,60961.32,0,799270.64
INV-2024-0477,Nexus Traders,09GGGG5555A1Z7,2024-01-16,600426,0,0,108076.68,708502.68
INV-2024-0478,Enterprise 18 Ltd,09AAACC0018A1Z2,2024-03-03,217335,19560.15,19560.15,0,256455.3
INV-2024-0479,Enterprise 11 Ltd,09AAACC0011A1Z6,2023-12-28,217594,0,0,39166.92,256760.92
INV-2024-0480,Enterprise 20 Ltd,05AAACC0020A1Z0,2023-12-06,113554,10219.86,10219.86,0,133993.72
INV-2024-0481,Enterprise 32 Ltd,05AAACC0032A1Z3,2023-11-07,859072,0,0,154632.96,1013704.96
INV-2024-0482,Enterprise 17 Ltd,04AAACC0017A1Z7,2024-01-20,160475,0,0,28885.5,189360.5
INV-2024-0483,Enterprise 4 Ltd,07AAACC0004A1Z3,2023-12-18,374154,33673.86,33673.86,0,441501.72
INV-2024-0484,Enterprise 10 Ltd,01AAACC0010A1Z0,2023-12-25,898478,0,0,161726.04,1060204.04
INV-2024-0485,Enterprise 2 Ltd,08AAACC0002A1Z5,2023-12-04,711568,0,0,128082.24,839650.24
INV-2024-0486,Enterprise 43 Ltd,05AAACC0043A1Z3,2024-03-27,578456,0,0,104122.08,682578.08
INV-2024-0487,Global Corp,22BBBB0000A1Z5,2024-03-25,772330,0,0,139019.4,911349.4
INV-2024-0488,Enterprise 37 Ltd,01AAACC0037A1Z0,2024-03-06,205761,0,0,37036.98,242797.98
INV-2024-0489,Enterprise 13 Ltd,01AAACC0013A1Z8,2023-12-23,286337,25770.33,25770.33,0,337877.66
INV-2024-0490,Enterprise 12 Ltd,01AAACC0012A1Z4,2023-12-04,331354,0,0,59643.72,390997.72
INV-2024-0491,Enterprise 14 Ltd,03AAACC0014A1Z5,2024-03-25,704841,0,0,126871.38,831712.38
INV-2024-0492,Enterprise 25 Ltd,08AAACC0025A1Z3,2024-01-06,247249,0,0,44504.82,291753.82
INV-2024-0493,Enterprise 41 Ltd,01AAACC0041A1Z2,2024-01-11,340065,30605.85,30605.85,0,401276.7
INV-2024-0494,Enterprise 8 Ltd,03AAACC0008A1Z8,2024-01-04,570970,51387.3,51387.3,0,673744.6
INV-2024-0495,Enterprise 29 Ltd,01AAACC0029A1Z1,2024-03-07,873848,0,0,157292.64,1031140.64
INV-2024-0496,Enterprise 19 Ltd,01AAACC0019A1Z1,2024-02-01,254406,0,0,45793.08,300199.08
INV-2024-0497,Apex Logistics,21CCCC1111A1Z2,2024-01-06,798274,71844.66,71844.66,0,941963.32
INV-2024-0498,Enterprise 9 Ltd,02AAACC0009A1Z6,2024-02-02,622323,56009.07,56009.07,0,734341.14
INV-2024-0499,Enterprise 4 Ltd,07AAACC0004A1Z3,2024-01-22,514115,0,0,92540.7,606655.7
INV-2024-0500,Enterprise 42 Ltd,02AAACC0042A1Z5,2023-12-10,860534,0,0,154896.12,1015430.12
INV-2024-0501,Enterprise 12 Ltd,01AAACC0012A1Z4,2023-11-01,795781,0,0,143240.58,939021.58
INV-2024-0502,Enterprise 20 Ltd,05AAACC0020A1Z0,2024-03-02,769610,0,0,138529.8,908139.8
INV-2024-0503,Enterprise 26 Ltd,02AAACC0026A1Z3,2024-01-28,645396,58085.64,58085.64,0,761567.28
INV-2024-0504,Enterprise 35 Ltd,03AAACC0035A1Z6,2023-11-21,555357,49982.13,49982.13,0,655321.26
INV-2024-0505,Enterprise 4 Ltd,07AAACC0004A1Z3,2023-11-13,323932,29153.88,29153.88,0,382239.76
INV-2024-0506,Enterprise 23 Ltd,01AAACC0023A1Z7,2023-11-08,39819,3583.71,3583.71,0,46986.42
INV-2024-0507,Enterprise 37 Ltd,01AAACC0037A1Z0,2024-02-07,835211,0,0,150337.98,985548.98
INV-2024-0508,Enterprise 16 Ltd,08AAACC0016A1Z7,2024-03-05,355514,31996.26,31996.26,0,419506.52
INV-2024-0509,Enterprise 31 Ltd,09AAACC0031A1Z6,2023-12-16,391082,35197.38,35197.38,0,461476.76
INV-2024-0510,Enterprise 10 Ltd,01AAACC0010A1Z0,2024-01-21,47371,0,0,8526.78,55897.78
INV-2024-0511,Enterprise 40 Ltd,03AAACC0040A1Z7,2024-03-05,902113,81190.17,81190.17,0,1064493.34
INV-2024-0512,Enterprise 38 Ltd,04AAACC0038A1Z2,2024-01-12,667024,0,0,120064.32,787088.32
INV-2024-0513,Enterprise 36 Ltd,06AAACC0036A1Z4,2023-11-02,412542,37128.78,37128.78,0,486799.56
INV-2024-0514,Enterprise 9 Ltd,02AAACC0009A1Z6,2024-01-09,413233,37190.97,37190.97,0,487614.94
INV-2024-0515,Enterprise 16 Ltd,08AAACC0016A1Z7,2023-12-09,865208,0,0,155737.44,1020945.44
INV-2024-0516,Enterprise 21 Ltd,05AAACC0021A1Z8,2024-02-06,79492,0,0,14308.56,93800.56
INV-2024-0517,Enterprise 18 Ltd,09AAACC0018A1Z2,2023-12-26,190932,17183.88,17183.88,0,225299.76
INV-2024-0518,Enterprise 13 Ltd,01AAACC0013A1Z8,2024-01-25,329825,0,0,59368.5,389193.5
INV-2024-0519,Enterprise 21 Ltd,05AAACC0021A1Z8,2024-02-15,748126,0,0,134662.68,882788.68
INV-2024-0520,Enterprise 16 Ltd,08AAACC0016A1Z7,2024-01-03,699884,0,0,125979.12,825863.12
INV-2024-0521,Enterprise 34 Ltd,01AAACC0034A1Z6,2024-01-18,265004,23850.36,23850.36,0,312704.72
INV-2024-0522,Enterprise 35 Ltd,03AAACC0035A1Z6,2024-01-02,673985,60658.65,60658.65,0,795302.3
INV-2024-0523,TechNova Solutions,27AADCT1234E1Z1,2024-01-25,707255,63652.95,63652.95,0,834560.9
INV-2024-0524,Enterprise 17 Ltd,04AAACC0017A1Z7,2024-03-19,87330,0,0,15719.4,103049.4
INV-2024-0525,Enterprise 24 Ltd,08AAACC0024A1Z4,2023-12-04,284565,25610.85,25610.85,0,335786.7
INV-2024-0526,Enterprise 14 Ltd,03AAACC0014A1Z5,2024-03-22,545559,0,0,98200.62,643759.62
INV-2024-0527,Enterprise 39 Ltd,03AAACC0039A1Z5,2024-03-28,76049,6844.41,6844.41,0,89737.82
INV-2024-0528,Nexus Traders,09GGGG5555A1Z7,2024-02-14,739690,66572.1,66572.1,0,872834.2
INV-2024-0529,Enterprise 16 Ltd,08AAACC0016A1Z7,2023-11-23,383261,0,0,68986.98,452247.98
INV-2024-0530,Enterprise 35 Ltd,03AAACC0035A1Z6,2024-02-22,823863,74147.67,74147.67,0,972158.34
INV-2024-0531,Enterprise 7 Ltd,01AAACC0007A1Z1,2024-03-21,687533,61877.97,61877.97,0,811288.94
INV-2024-0532,Enterprise 25 Ltd,08AAACC0025A1Z3,2023-11-15,81278,7315.02,7315.02,0,95908.04
INV-2024-0533,Enterprise 17 Ltd,04AAACC0017A1Z7,2024-02-10,359995,0,0,64799.1,424794.1
INV-2024-0534,Enterprise 4 Ltd,07AAACC0004A1Z3,2024-02-04,291300,0,0,52434,343734
INV-2024-0535,Enterprise 14 Ltd,03AAACC0014A1Z5,2024-01-21,649281,0,0,116870.58,766151.58
INV-2024-0536,Enterprise 42 Ltd,02AAACC0042A1Z5,2024-01-23,814037,73263.33,73263.33,0,960563.66
INV-2024-0537,Enterprise 38 Ltd,04AAACC0038A1Z2,2024-03-02,198459,17861.31,17861.31,0,234181.62
INV-2024-0538,Enterprise 28 Ltd,03AAACC0028A1Z7,2024-01-20,841333,0,0,151439.94,992772.94
INV-2024-0539,Enterprise 13 Ltd,01AAACC0013A1Z8,2024-03-28,751911,67671.99,67671.99,0,887254.98
INV-2024-0540,Enterprise 32 Ltd,05AAACC0032A1Z3,2024-01-10,864857,0,0,155674.26,1020531.26
INV-2024-0541,Enterprise 42 Ltd,02AAACC0042A1Z5,2023-12-07,274289,24686.01,24686.01,0,323661.02
INV-2024-0542,Enterprise 29 Ltd,01AAACC0029A1Z1,2023-12-22,469516,0,0,84512.88,554028.88
INV-2024-0543,Enterprise 24 Ltd,08AAACC0024A1Z4,2023-11-17,172138,15492.42,15492.42,0,203122.84
INV-2024-0544,Enterprise 40 Ltd,03AAACC0040A1Z7,2024-02-24,148959,13406.31,13406.31,0,175771.62
INV-2024-0545,Dynamic Dealers,24DDDD2222A1Z3,2023-12-26,816131,73451.79,73451.79,0,963034.58
INV-2024-0546,Enterprise 1 Ltd,03AAACC0001A1Z3,2023-12-18,665200,0,0,119736,784936
INV-2024-0547,Enterprise 40 Ltd,03AAACC0040A1Z7,2023-11-17,855816,0,0,154046.88,1009862.88
INV-2024-0548,Prime Steels,33EEEE3333A1Z4,2024-02-04,284780,25630.2,25630.2,0,336040.4
INV-2024-0549,Enterprise 22 Ltd,09AAACC0022A1Z0,2024-03-08,602704,0,0,108486.72,711190.72
INV-2024-0550,Enterprise 28 Ltd,03AAACC0028A1Z7,2023-12-08,383792,34541.28,34541.28,0,452874.56
INV-2024-0551,Enterprise 15 Ltd,02AAACC0015A1Z7,2023-12-18,907144,81642.96,81642.96,0,1070429.92
INV-2024-0552,Enterprise 30 Ltd,04AAACC0030A1Z2,2024-01-05,454925,0,0,81886.5,536811.5
INV-2024-0553,Enterprise 7 Ltd,01AAACC0007A1Z1,2024-01-28,392718,35344.62,35344.62,0,463407.24
INV-2024-0554,Enterprise 5 Ltd,06AAACC0005A1Z7,2023-12-18,184528,16607.52,16607.52,0,217743.04
INV-2024-0555,Enterprise 39 Ltd,03AAACC0039A1Z5,2023-11-06,526061,47345.49,47345.49,0,620751.98
INV-2024-0556,Enterprise 10 Ltd,01AAACC0010A1Z0,2023-11-14,738580,0,0,132944.4,871524.4
INV-2024-0557,Enterprise 8 Ltd,03AAACC0008A1Z8,2023-12-20,385672,34710.48,34710.48,0,455092.96
INV-2024-0558,Enterprise 23 Ltd,01AAACC0023A1Z7,2023-11-07,442913,39862.17,39862.17,0,522637.34
INV-2024-0559,Enterprise 17 Ltd,04AAACC0017A1Z7,2024-02-11,895945,80635.05,80635.05,0,1057215.1
INV-2024-0560,Enterprise 38 Ltd,04AAACC0038A1Z2,2024-01-09,499119,44920.71,44920.71,0,588960.42
INV-2024-0561,Global Corp,22BBBB0000A1Z5,2024-02-24,707932,63713.88,63713.88,0,835359.76
INV-2024-0562,Enterprise 22 Ltd,09AAACC0022A1Z0,2023-12-20,502853,0,0,90513.54,593366.54
INV-2024-0563,Enterprise 37 Ltd,01AAACC0037A1Z0,2023-11-11,804167,72375.03,72375.03,0,948917.06
INV-2024-0564,Nexus Traders,09GGGG5555A1Z7,2024-01-28,842340,0,0,151621.2,993961.2
INV-2024-0565,Enterprise 20 Ltd,05AAACC0020A1Z0,2024-02-06,333215,0,0,59978.7,393193.7
INV-2024-0566,Apex Logistics,21CCCC1111A1Z2,2024-02-21,382775,34449.75,34449.75,0,451674.5
INV-2024-0567,Enterprise 33 Ltd,02AAACC0033A1Z5,2023-11-01,285049,25654.41,25654.41,0,336357.82
INV-2024-0568,Enterprise 23 Ltd,01AAACC0023A1Z7,2023-12-25,356872,32118.48,32118.48,0,421108.96
INV-2024-0569,Enterprise 13 Ltd,01AAACC0013A1Z8,2024-03-02,781971,0,0,140754.78,922725.78
INV-2024-0570,Enterprise 35 Ltd,03AAACC0035A1Z6,2024-03-04,653266,0,0,117587.88,770853.88
INV-2024-0571,Enterprise 36 Ltd,06AAACC0036A1Z4,2023-12-23,457864,41207.76,41207.76,0,540279.52
INV-2024-0572,Apex Logistics,21CCCC1111A1Z2,2024-01-03,137154,12343.86,12343.86,0,161841.72
INV-2024-0573,Enterprise 26 Ltd,02AAACC0026A1Z3,2023-12-17,462390,41615.1,41615.1,0,545620.2
INV-2024-0574,Rapid Delivery,14FFFF4444A1Z6,2024-02-16,298662,26879.58,26879.58,0,352421.16
INV-2024-0575,Enterprise 33 Ltd,02AAACC0033A1Z5,2024-01-10,691926,62273.34,62273.34,0,816472.68
INV-2024-0576,Enterprise 1 Ltd,03AAACC0001A1Z3,2024-03-28,131484,11833.56,11833.56,0,155151.12
INV-2024-0577,Enterprise 18 Ltd,09AAACC0018A1Z2,2023-11-10,462549,41629.41,41629.41,0,545807.82
INV-2024-0578,Enterprise 34 Ltd,01AAACC0034A1Z6,2024-03-15,787905,70911.45,70911.45,0,929727.9
INV-2024-0579,Enterprise 22 Ltd,09AAACC0022A1Z0,2024-02-08,825097,74258.73,74258.73,0,973614.46
INV-2024-0580,Enterprise 30 Ltd,04AAACC0030A1Z2,2024-01-24,170075,0,0,30613.5,200688.5
INV-2024-0581,Enterprise 43 Ltd,05AAACC0043A1Z3,2024-03-09,558044,0,0,100447.92,658491.92
INV-2024-0582,Enterprise 2 Ltd,08AAACC0002A1Z5,2023-12-03,902478,81223.02,81223.02,0,1064924.04
INV-2024-0583,Rapid Delivery,14FFFF4444A1Z6,2024-03-15,101717,0,0,18309.06,120026.06
INV-2024-0584,Enterprise 4 Ltd,07AAACC0004A1Z3,2024-02-02,281574,0,0,50683.32,332257.32
INV-2024-0585,TechNova Solutions,27AADCT1234E1Z1,2024-03-03,72897,0,0,13121.46,86018.46
INV-2024-0586,Enterprise 18 Ltd,09AAACC0018A1Z2,2024-02-16,706180,63556.2,63556.2,0,833292.4
INV-2024-0587,Enterprise 16 Ltd,08AAACC0016A1Z7,2024-02-03,164445,14800.05,14800.05,0,194045.1
INV-2024-0588,Enterprise 20 Ltd,05AAACC0020A1Z0,2024-03-15,897299,80756.91,80756.91,0,1058812.82
INV-2024-0589,Enterprise 1 Ltd,03AAACC0001A1Z3,2024-02-10,382338,0,0,68820.84,451158.84
INV-2024-0590,Enterprise 26 Ltd,02AAACC0026A1Z3,2024-02-17,402071,36186.39,36186.39,0,474443.78
INV-2024-0591,Enterprise 36 Ltd,06AAACC0036A1Z4,2023-12-15,707997,63719.73,63719.73,0,835436.46
INV-2024-0592,Dynamic Dealers,24DDDD2222A1Z3,2024-02-06,701635,63147.15,63147.15,0,827929.3
INV-2024-0593,Enterprise 33 Ltd,02AAACC0033A1Z5,2024-03-09,145784,13120.56,13120.56,0,172025.12
INV-2024-0594,Enterprise 15 Ltd,02AAACC0015A1Z7,2024-01-07,304241,0,0,54763.38,359004.38
INV-2024-0595,Enterprise 11 Ltd,09AAACC0011A1Z6,2024-02-24,860766,0,0,154937.88,1015703.88
INV-2024-0596,Enterprise 17 Ltd,04AAACC0017A1Z7,2023-11-02,576414,51877.26,51877.26,0,680168.52
INV-2024-0597,Enterprise 18 Ltd,09AAACC0018A1Z2,2024-01-28,716612,0,0,128990.16,845602.16
INV-2024-0598,Enterprise 19 Ltd,01AAACC0019A1Z1,2023-11-11,556577,0,0,100183.86,656760.86
INV-2024-0599,Enterprise 8 Ltd,03AAACC0008A1Z8,2024-02-18,599923,0,0,107986.14,707909.14
INV-2024-0600,Enterprise 28 Ltd,03AAACC0028A1Z7,2023-12-21,359391,0,0,64690.38,424081.38
INV-2024-0601,Enterprise 27 Ltd,08AAACC0027A1Z8,2024-01-22,357710,0,0,64387.8,422097.8
INV-2024-0602,Enterprise 25 Ltd,08AAACC0025A1Z3,2024-01-09,417738,0,0,75192.84,492930.84
INV-2024-0603,Enterprise 29 Ltd,01AAACC0029A1Z1,2024-02-05,790379,71134.11,71134.11,0,932647.22
INV-2024-0604,Enterprise 22 Ltd,09AAACC0022A1Z0,2024-02-03,264288,0,0,47571.84,311859.84
INV-2024-0605,Enterprise 34 Ltd,01AAACC0034A1Z6,2024-03-17,902179,0,0,162392.22,1064571.22
INV-2024-0606,Enterprise 2 Ltd,08AAACC0002A1Z5,2024-02-10,285163,0,0,51329.34,336492.34
INV-2024-0607,Enterprise 33 Ltd,02AAACC0033A1Z5,2024-02-15,452478,40723.02,40723.02,0,533924.04
INV-2024-0608,Enterprise 13 Ltd,01AAACC0013A1Z8,2023-12-19,219187,0,0,39453.66,258640.66
INV-2024-0609,Enterprise 3 Ltd,08AAACC0003A1Z5,2024-02-25,448820,0,0,80787.6,529607.6
INV-2024-0610,Enterprise 37 Ltd,01AAACC0037A1Z0,2024-01-14,541059,48695.31,48695.31,0,638449.62
INV-2024-0611,Enterprise 22 Ltd,09AAACC0022A1Z0,2024-01-25,502132,0,0,90383.76,592515.76
INV-2024-0612,Enterprise 34 Ltd,01AAACC0034A1Z6,2023-11-01,117047,0,0,21068.46,138115.46
INV-2024-0613,Enterprise 39 Ltd,03AAACC0039A1Z5,2024-02-10,791533,71237.97,71237.97,0,934008.94
INV-2024-0614,Nexus Traders,09GGGG5555A1Z7,2024-02-25,211164,0,0,38009.52,249173.52
INV-2024-0615,Enterprise 3 Ltd,08AAACC0003A1Z5,2024-02-01,599085,53917.65,53917.65,0,706920.3
INV-2024-0616,Rapid Delivery,14FFFF4444A1Z6,2024-03-27,95218,0,0,17139.24,112357.24
INV-2024-0617,Enterprise 23 Ltd,01AAACC0023A1Z7,2024-02-02,165761,0,0,29836.98,195597.98
INV-2024-0618,Apex Logistics,21CCCC1111A1Z2,2023-12-19,34394,0,0,6190.92,40584.92
INV-2024-0619,Enterprise 24 Ltd,08AAACC0024A1Z4,2023-11-28,177841,0,0,32011.38,209852.38
INV-2024-0620,Enterprise 34 Ltd,01AAACC0034A1Z6,2024-02-13,886677,79800.93,79800.93,0,1046278.86
INV-2024-0621,Enterprise 6 Ltd,02AAACC0006A1Z2,2023-11-16,873892,78650.28,78650.28,0,1031192.56
INV-2024-0622,Enterprise 31 Ltd,09AAACC0031A1Z6,2023-12-01,214538,19308.42,19308.42,0,253154.84
INV-2024-0623,Enterprise 40 Ltd,03AAACC0040A1Z7,2024-02-17,56484,0,0,10167.12,66651.12
INV-2024-0624,Enterprise 4 Ltd,07AAACC0004A1Z3,2023-11-18,486700,0,0,87606,574306
INV-2024-0625,Enterprise 31 Ltd,09AAACC0031A1Z6,2024-02-05,98421,8857.89,8857.89,0,116136.78
INV-2024-0626,Prime Steels,33EEEE3333A1Z4,2023-11-27,664766,0,0,119657.88,784423.88
INV-2024-0627,Enterprise 10 Ltd,01AAACC0010A1Z0,2024-03-10,829559,74660.31,74660.31,0,978879.62
INV-2024-0628,Enterprise 3 Ltd,08AAACC0003A1Z5,2024-03-09,827175,74445.75,74445.75,0,976066.5
INV-2024-0629,Apex Logistics,21CCCC1111A1Z2,2023-12-27,367880,0,0,66218.4,434098.4
INV-2024-0630,Enterprise 14 Ltd,03AAACC0014A1Z5,2024-02-26,88050,7924.5,7924.5,0,103899
INV-2024-0631,Enterprise 31 Ltd,09AAACC0031A1Z6,2024-01-15,684684,61621.56,61621.56,0,807927.12
INV-2024-0632,Enterprise 7 Ltd,01AAACC0007A1Z1,2023-11-20,76708,6903.72,6903.72,0,90515.44
INV-2024-0633,Enterprise 5 Ltd,06AAACC0005A1Z7,2023-12-12,787114,0,0,141680.52,928794.52
INV-2024-0634,Enterprise 6 Ltd,02AAACC0006A1Z2,2023-12-13,638031,57422.79,57422.79,0,752876.58
INV-2024-0635,Enterprise 33 Ltd,02AAACC0033A1Z5,2024-03-09,649964,58496.76,58496.76,0,766957.52
INV-2024-0636,Enterprise 1 Ltd,03AAACC0001A1Z3,2023-12-12,168453,15160.77,15160.77,0,198774.54
INV-2024-0637,TechNova Solutions,27AADCT1234E1Z1,2024-01-03,169046,15214.14,15214.14,0,199474.28
INV-2024-0638,Enterprise 22 Ltd,09AAACC0022A1Z0,2023-12-25,119706,0,0,21547.08,141253.08
INV-2024-0639,Enterprise 37 Ltd,01AAACC0037A1Z0,2024-01-16,784277,70584.93,70584.93,0,925446.86
INV-2024-0640,Enterprise 36 Ltd,06AAACC0036A1Z4,2023-11-08,187092,0,0,33676.56,220768.56
INV-2024-0641,Nexus Traders,09GGGG5555A1Z7,2023-12-25,532224,0,0,95800.32,628024.32
INV-2024-0642,Enterprise 22 Ltd,09AAACC0022A1Z0,2023-11-14,123437,0,0,22218.66,145655.66
INV-2024-0643,Enterprise 42 Ltd,02AAACC0042A1Z5,2023-12-23,783091,0,0,140956.38,924047.38
INV-2024-0644,Rapid Delivery,14FFFF4444A1Z6,2024-02-06,180692,0,0,32524.56,213216.56
INV-2024-0645,Enterprise 38 Ltd,04AAACC0038A1Z2,2024-02-11,102725,0,0,18490.5,121215.5
INV-2024-0646,Enterprise 27 Ltd,08AAACC0027A1Z8,2023-12-15,673418,60607.62,60607.62,0,794633.24
INV-2024-0647,Enterprise 17 Ltd,04AAACC0017A1Z7,2024-01-26,252235,22701.15,22701.15,0,297637.3
INV-2024-0648,Nexus Traders,09GGGG5555A1Z7,2023-12-12,234421,21097.89,21097.89,0,276616.78
INV-2024-0649,Prime Steels,33EEEE3333A1Z4,2023-11-12,315215,28369.35,28369.35,0,371953.7
INV-2024-0650,Enterprise 35 Ltd,03AAACC0035A1Z6,2023-12-28,820376,0,0,147667.68,968043.68
INV-2024-0651,Enterprise 9 Ltd,02AAACC0009A1Z6,2023-12-10,862598,0,0,155267.64,1017865.64
INV-2024-0652,Enterprise 21 Ltd,05AAACC0021A1Z8,2023-11-19,424203,0,0,76356.54,500559.54
INV-2024-0653,Enterprise 43 Ltd,05AAACC0043A1Z3,2023-12-10,707816,0,0,127406.88,835222.88
INV-2024-0654,Enterprise 33 Ltd,02AAACC0033A1Z5,2023-12-26,430142,38712.78,38712.78,0,507567.56
INV-2024-0655,Enterprise 34 Ltd,01AAACC0034A1Z6,2024-02-08,393411,35406.99,35406.99,0,464224.98
INV-2024-0656,TechNova Solutions,27AADCT1234E1Z1,2024-01-10,93232,0,0,16781.76,110013.76
INV-2024-0657,Enterprise 24 Ltd,08AAACC0024A1Z4,2023-12-14,406569,36591.21,36591.21,0,479751.42
INV-2024-0658,Rapid Delivery,14FFFF4444A1Z6,2024-02-26,655313,58978.17,58978.17,0,773269.34
INV-2024-0659,Enterprise 22 Ltd,09AAACC0022A1Z0,2024-03-21,703118,0,0,126561.24,829679.24
INV-2024-0660,Enterprise 14 Ltd,03AAACC0014A1Z5,2024-02-04,451341,40620.69,40620.69,0,532582.38
INV-2024-0661,Nexus Traders,09GGGG5555A1Z7,2023-11-22,40817,0,0,7347.06,48164.06
INV-2024-0662,Enterprise 3 Ltd,08AAACC0003A1Z5,2023-11-25,167174,15045.66,15045.66,0,197265.32
INV-2024-0663,Enterprise 42 Ltd,02AAACC0042A1Z5,2023-12-19,380520,0,0,68493.6,449013.6
INV-2024-0664,Enterprise 22 Ltd,09AAACC0022A1Z0,2023-11-05,530616,47755.44,47755.44,0,626126.88
INV-2024-0665,Enterprise 40 Ltd,03AAACC0040A1Z7,2023-11-04,35413,0,0,6374.34,41787.34
INV-2024-0666,Enterprise 28 Ltd,03AAACC0028A1Z7,2024-01-01,113378,0,0,20408.04,133786.04
INV-2024-0667,Enterprise 22 Ltd,09AAACC0022A1Z0,2024-03-26,747323,67259.07,67259.07,0,881841.14
INV-2024-0668,Enterprise 16 Ltd,08AAACC0016A1Z7,2023-11-05,138311,12447.99,12447.99,0,163206.98
INV-2024-0669,Enterprise 29 Ltd,01AAACC0029A1Z1,2024-02-02,211300,0,0,38034,249334
INV-2024-0670,Enterprise 31 Ltd,09AAACC0031A1Z6,2023-11-01,143944,12954.96,12954.96,0,169853.92
INV-2024-0671,Enterprise 30 Ltd,04AAACC0030A1Z2,2024-02-13,435201,39168.09,39168.09,0,513537.18
INV-2024-0672,Enterprise 16 Ltd,08AAACC0016A1Z7,2024-02-24,315480,0,0,56786.4,372266.4
INV-2024-0673,Enterprise 27 Ltd,08AAACC0027A1Z8,2023-11-12,190567,0,0,34302.06,224869.06
INV-2024-0674,Enterprise 9 Ltd,02AAACC0009A1Z6,2023-12-02,65305,5877.45,5877.45,0,77059.9
INV-2024-0675,Nexus Traders,09GGGG5555A1Z7,2024-01-17,91481,0,0,16466.58,107947.58
INV-2024-0676,Enterprise 36 Ltd,06AAACC0036A1Z4,2024-02-28,802981,72268.29,72268.29,0,947517.58
INV-2024-0677,Dynamic Dealers,24DDDD2222A1Z3,2023-11-13,256975,0,0,46255.5,303230.5
INV-2024-0678,TechNova Solutions,27AADCT1234E1Z1,2023-12-11,440504,0,0,79290.72,519794.72
INV-2024-0679,Enterprise 39 Ltd,03AAACC0039A1Z5,2023-12-14,96633,8696.97,8696.97,0,114026.94
INV-2024-0680,TechNova Solutions,27AADCT1234E1Z1,2023-12-24,577031,51932.79,51932.79,0,680896.58
INV-2024-0681,Enterprise 29 Ltd,01AAACC0029A1Z1,2024-03-12,96289,8666.01,8666.01,0,113621.02
INV-2024-0682,Enterprise 39 Ltd,03AAACC0039A1Z5,2024-01-11,746463,0,0,134363.34,880826.34
INV-2024-0683,Enterprise 18 Ltd,09AAACC0018A1Z2,2024-03-19,716215,0,0,128918.7,845133.7
INV-2024-0684,Enterprise 36 Ltd,06AAACC0036A1Z4,2024-01-25,349092,0,0,62836.56,411928.56
INV-2024-0685,Enterprise 16 Ltd,08AAACC0016A1Z7,2023-11-26,907465,81671.85,81671.85,0,1070808.7
INV-2024-0686,Enterprise 34 Ltd,01AAACC0034A1Z6,2024-03-15,544183,48976.47,48976.47,0,642135.94
INV-2024-0687,Enterprise 21 Ltd,05AAACC0021A1Z8,2023-12-26,202225,0,0,36400.5,238625.5
INV-2024-0688,Enterprise 5 Ltd,06AAACC0005A1Z7,2024-03-11,370476,0,0,66685.68,437161.68
INV-2024-0689,Enterprise 16 Ltd,08AAACC0016A1Z7,2024-02-20,752449,0,0,135440.82,887889.82
INV-2024-0690,Enterprise 13 Ltd,01AAACC0013A1Z8,2024-02-01,225076,20256.84,20256.84,0,265589.68
INV-2024-0691,Dynamic Dealers,24DDDD2222A1Z3,2024-03-02,561561,50540.49,50540.49,0,662641.98
INV-2024-0692,Enterprise 28 Ltd,03AAACC0028A1Z7,2023-11-03,821047,73894.23,73894.23,0,968835.46
INV-2024-0693,Enterprise 15 Ltd,02AAACC0015A1Z7,2023-12-07,114543,10308.87,10308.87,0,135160.74
INV-2024-0694,Enterprise 8 Ltd,03AAACC0008A1Z8,2023-12-13,323133,0,0,58163.94,381296.94
INV-2024-0695,Nexus Traders,09GGGG5555A1Z7,2024-03-24,312434,0,0,56238.12,368672.12
INV-2024-0696,Enterprise 26 Ltd,02AAACC0026A1Z3,2024-01-13,302331,0,0,54419.58,356750.58
INV-2024-0697,Enterprise 27 Ltd,08AAACC0027A1Z8,2024-01-15,681556,0,0,122680.08,804236.08
INV-2024-0698,Enterprise 9 Ltd,02AAACC0009A1Z6,2024-01-16,119349,10741.41,10741.41,0,140831.82
INV-2024-0699,Enterprise 6 Ltd,02AAACC0006A1Z2,2024-03-22,621804,55962.36,55962.36,0,733728.72
INV-2024-0700,Enterprise 10 Ltd,01AAACC0010A1Z0,2024-01-09,88779,7990.11,7990.11,0,104759.22
INV-2024-0701,Enterprise 3 Ltd,08AAACC0003A1Z5,2023-12-22,129913,0,0,23384.34,153297.34
INV-2024-0702,Enterprise 4 Ltd,07AAACC0004A1Z3,2024-02-02,644098,57968.82,57968.82,0,760035.64
INV-2024-0703,Enterprise 8 Ltd,03AAACC0008A1Z8,2024-01-20,664919,0,0,119685.42,784604.42
INV-2024-0704,Enterprise 43 Ltd,05AAACC0043A1Z3,2023-11-05,374590,33713.1,33713.1,0,442016.2
INV-2024-0705,Enterprise 15 Ltd,02AAACC0015A1Z7,2024-01-15,164027,14762.43,14762.43,0,193551.86
INV-2024-0706,Nexus Traders,09GGGG5555A1Z7,2024-02-09,364862,32837.58,32837.58,0,430537.16
INV-2024-0707,Enterprise 35 Ltd,03AAACC0035A1Z6,2023-12-03,307924,27713.16,27713.16,0,363350.32
INV-2024-0708,Global Corp,22BBBB0000A1Z5,2023-12-02,252222,0,0,45399.96,297621.96
INV-2024-0709,Enterprise 40 Ltd,03AAACC0040A1Z7,2023-11-12,500291,0,0,90052.38,590343.38
INV-2024-0710,Dynamic Dealers,24DDDD2222A1Z3,2024-03-20,357042,32133.78,32133.78,0,421309.56
INV-2024-0711,Enterprise 35 Ltd,03AAACC0035A1Z6,2023-11-04,241530,21737.7,21737.7,0,285005.4
INV-2024-0712,Enterprise 11 Ltd,09AAACC0011A1Z6,2024-01-28,598828,0,0,107789.04,706617.04
INV-2024-0713,Enterprise 27 Ltd,08AAACC0027A1Z8,2024-01-04,159421,14347.89,14347.89,0,188116.78
INV-2024-0714,Enterprise 41 Ltd,01AAACC0041A1Z2,2023-12-06,37701,0,0,6786.18,44487.18
INV-2024-0715,Enterprise 5 Ltd,06AAACC0005A1Z7,2023-11-13,406451,36580.59,36580.59,0,479612.18
INV-2024-0716,Enterprise 10 Ltd,01AAACC0010A1Z0,2024-01-20,449862,0,0,80975.16,530837.16
INV-2024-0717,Enterprise 15 Ltd,02AAACC0015A1Z7,2024-03-20,518084,0,0,93255.12,611339.12
INV-2024-0718,Rapid Delivery,14FFFF4444A1Z6,2024-02-16,198562,17870.58,17870.58,0,234303.16
INV-2024-0719,Enterprise 26 Ltd,02AAACC0026A1Z3,2023-12-01,163010,0,0,29341.8,192351.8
INV-2024-0720,Enterprise 27 Ltd,08AAACC0027A1Z8,2024-02-17,800959,0,0,144172.62,945131.62
INV-2024-0721,Enterprise 14 Ltd,03AAACC0014A1Z5,2023-11-05,816346,0,0,146942.28,963288.28
INV-2024-0722,Enterprise 36 Ltd,06AAACC0036A1Z4,2024-03-22,530084,0,0,95415.12,625499.12
INV-2024-0723,Enterprise 11 Ltd,09AAACC0011A1Z6,2023-12-14,712592,0,0,128266.56,840858.56
INV-2024-0724,Enterprise 3 Ltd,08AAACC0003A1Z5,2024-03-01,476245,0,0,85724.1,561969.1
INV-2024-0725,Enterprise 14 Ltd,03AAACC0014A1Z5,2024-01-20,165045,14854.05,14854.05,0,194753.1
INV-2024-0726,Enterprise 20 Ltd,05AAACC0020A1Z0,2024-03-25,888076,0,0,159853.68,1047929.68
INV-2024-0727,Enterprise 10 Ltd,01AAACC0010A1Z0,2023-12-22,677933,0,0,122027.94,799960.94
INV-2024-0728,Enterprise 26 Ltd,02AAACC0026A1Z3,2024-03-14,346507,31185.63,31185.63,0,408878.26
INV-2024-0729,Enterprise 35 Ltd,03AAACC0035A1Z6,2023-11-04,757275,0,0,136309.5,893584.5
INV-2024-0730,Enterprise 19 Ltd,01AAACC0019A1Z1,2024-02-28,660768,0,0,118938.24,779706.24
INV-2024-0731,Enterprise 21 Ltd,05AAACC0021A1Z8,2024-03-20,388640,34977.6,34977.6,0,458595.2
INV-2024-0732,Enterprise 6 Ltd,02AAACC0006A1Z2,2023-11-22,163070,14676.3,14676.3,0,192422.6
INV-2024-0733,Enterprise 4 Ltd,07AAACC0004A1Z3,2023-11-03,561638,50547.42,50547.42,0,662732.84
INV-2024-0734,Enterprise 19 Ltd,01AAACC0019A1Z1,2024-03-09,782590,70433.1,70433.1,0,923456.2
INV-2024-0735,Enterprise 29 Ltd,01AAACC0029A1Z1,2023-11-24,59150,0,0,10647,69797
INV-2024-0736,Apex Logistics,21CCCC1111A1Z2,2023-12-03,623472,56112.48,56112.48,0,735696.96
INV-2024-0737,Enterprise 8 Ltd,03AAACC0008A1Z8,2023-12-14,382821,34453.89,34453.89,0,451728.78
INV-2024-0738,Enterprise 43 Ltd,05AAACC0043A1Z3,2023-11-04,276797,24911.73,24911.73,0,326620.46
INV-2024-0739,Enterprise 29 Ltd,01AAACC0029A1Z1,2024-02-15,675162,60764.58,60764.58,0,796691.16
INV-2024-0740,Enterprise 30 Ltd,04AAACC0030A1Z2,2024-02-12,478277,0,0,86089.86,564366.86
INV-2024-0741,Enterprise 31 Ltd,09AAACC0031A1Z6,2024-01-01,816543,0,0,146977.74,963520.74
INV-2024-0742,Enterprise 19 Ltd,01AAACC0019A1Z1,2024-02-25,154970,13947.3,13947.3,0,182864.6
INV-2024-0743,Enterprise 19 Ltd,01AAACC0019A1Z1,2024-03-16,520043,0,0,93607.74,613650.74
INV-2024-0744,Enterprise 36 Ltd,06AAACC0036A1Z4,2023-12-04,101366,0,0,18245.88,119611.88
INV-2024-0745,Enterprise 32 Ltd,05AAACC0032A1Z3,2023-12-04,742476,66822.84,66822.84,0,876121.68
INV-2024-0746,Enterprise 2 Ltd,08AAACC0002A1Z5,2024-01-02,434335,39090.15,39090.15,0,512515.3
INV-2024-0747,Enterprise 31 Ltd,09AAACC0031A1Z6,2024-03-02,349742,31476.78,31476.78,0,412695.56
INV-2024-0748,Enterprise 5 Ltd,06AAACC0005A1Z7,2024-01-04,217470,19572.3,19572.3,0,256614.6
INV-2024-0749,Enterprise 38 Ltd,04AAACC0038A1Z2,2024-03-16,34570,0,0,6222.6,40792.6
INV-2024-0750,Enterprise 38 Ltd,04AAACC0038A1Z2,2024-02-06,168661,15179.49,15179.49,0,199019.98
INV-2024-0751,Enterprise 2 Ltd,08AAACC0002A1Z5,2024-01-11,247749,0,0,44594.82,292343.82
INV-2024-0752,Enterprise 6 Ltd,02AAACC0006A1Z2,2023-12-16,589284,53035.56,53035.56,0,695355.12
INV-2024-0753,Enterprise 21 Ltd,05AAACC0021A1Z8,2024-03-28,685332,61679.88,61679.88,0,808691.76
INV-2024-0754,Enterprise 22 Ltd,09AAACC0022A1Z0,2024-01-13,741053,66694.77,66694.77,0,874442.54
INV-2024-0755,Enterprise 9 Ltd,02AAACC0009A1Z6,2024-02-03,874602,78714.18,78714.18,0,1032030.36
INV-2024-0756,Nexus Traders,09GGGG5555A1Z7,2023-12-19,188655,0,0,33957.9,222612.9
INV-2024-0757,Enterprise 29 Ltd,01AAACC0029A1Z1,2023-12-09,458124,41231.16,41231.16,0,540586.32
INV-2024-0758,Enterprise 13 Ltd,01AAACC0013A1Z8,2023-12-02,323708,29133.72,29133.72,0,381975.44
INV-2024-0759,Enterprise 29 Ltd,01AAACC0029A1Z1,2024-03-06,565695,50912.55,50912.55,0,667520.1
INV-2024-0760,Enterprise 34 Ltd,01AAACC0034A1Z6,2024-03-23,619401,55746.09,55746.09,0,730893.18
INV-2024-0761,Enterprise 34 Ltd,01AAACC0034A1Z6,2024-03-24,34152,3073.68,3073.68,0,40299.36
INV-2024-0762,Enterprise 3 Ltd,08AAACC0003A1Z5,2024-03-22,677532,60977.88,60977.88,0,799487.76
INV-2024-0763,Enterprise 23 Ltd,01AAACC0023A1Z7,2023-11-04,104714,0,0,18848.52,123562.52
INV-2024-0764,Enterprise 26 Ltd,02AAACC0026A1Z3,2024-03-03,489106,44019.54,44019.54,0,577145.08
INV-2024-0765,Enterprise 17 Ltd,04AAACC0017A1Z7,2024-03-25,266819,24013.71,24013.71,0,314846.42
INV-2024-0766,Prime Steels,33EEEE3333A1Z4,2023-11-23,146797,0,0,26423.46,173220.46
INV-2024-0767,Apex Logistics,21CCCC1111A1Z2,2024-01-20,128655,11578.95,11578.95,0,151812.9
INV-2024-0768,Enterprise 10 Ltd,01AAACC0010A1Z0,2023-11-10,616212,0,0,110918.16,727130.16
INV-2024-0769,Enterprise 16 Ltd,08AAACC0016A1Z7,2023-12-02,224564,0,0,40421.52,264985.52
INV-2024-0770,Enterprise 37 Ltd,01AAACC0037A1Z0,2024-01-01,515932,0,0,92867.76,608799.76
INV-2024-0771,Dynamic Dealers,24DDDD2222A1Z3,2024-03-16,356272,0,0,64128.96,420400.96
INV-2024-0772,Enterprise 42 Ltd,02AAACC0042A1Z5,2024-02-08,281881,25369.29,25369.29,0,332619.58
INV-2024-0773,Enterprise 1 Ltd,03AAACC0001A1Z3,2023-11-04,528644,0,0,95155.92,623799.92
INV-2024-0774,Enterprise 10 Ltd,01AAACC0010A1Z0,2024-03-19,27614,0,0,4970.52,32584.52
INV-2024-0775,Enterprise 26 Ltd,02AAACC0026A1Z3,2024-02-03,104684,9421.56,9421.56,0,123527.12
INV-2024-0776,Enterprise 9 Ltd,02AAACC0009A1Z6,2023-12-26,689892,62090.28,62090.28,0,814072.56
INV-2024-0777,Enterprise 22 Ltd,09AAACC0022A1Z0,2023-12-26,906942,81624.78,81624.78,0,1070191.56
INV-2024-0778,Global Corp,22BBBB0000A1Z5,2024-03-10,19621,1765.89,1765.89,0,23152.78
INV-2024-0779,Enterprise 6 Ltd,02AAACC0006A1Z2,2023-11-07,610318,0,0,109857.24,720175.24
INV-2024-0780,Prime Steels,33EEEE3333A1Z4,2023-11-21,285646,25708.14,25708.14,0,337062.28
INV-2024-0781,Enterprise 21 Ltd,05AAACC0021A1Z8,2024-03-08,156483,14083.47,14083.47,0,184649.94
INV-2024-0782,Enterprise 35 Ltd,03AAACC0035A1Z6,2023-12-27,733551,0,0,132039.18,865590.18
INV-2024-0783,Enterprise 35 Ltd,03AAACC0035A1Z6,2024-01-10,792485,0,0,142647.3,935132.3
INV-2024-0784,Enterprise 40 Ltd,03AAACC0040A1Z7,2024-03-12,483442,0,0,87019.56,570461.56
INV-2024-0785,Enterprise 7 Ltd,01AAACC0007A1Z1,2024-02-14,284730,0,0,51251.4,335981.4
INV-2024-0786,Enterprise 1 Ltd,03AAACC0001A1Z3,2024-02-14,267904,0,0,48222.72,316126.72
INV-2024-0787,Enterprise 23 Ltd,01AAACC0023A1Z7,2023-11-03,515941,0,0,92869.38,608810.38
INV-2024-0788,Enterprise 16 Ltd,08AAACC0016A1Z7,2023-11-26,205879,18529.11,18529.11,0,242937.22
INV-2024-0789,Enterprise 10 Ltd,01AAACC0010A1Z0,2024-03-19,101277,0,0,18229.86,119506.86
INV-2024-0790,Enterprise 21 Ltd,05AAACC0021A1Z8,2024-01-28,195069,17556.21,17556.21,0,230181.42
INV-2024-0791,Enterprise 32 Ltd,05AAACC0032A1Z3,2024-03-20,145007,13050.63,13050.63,0,171108.26
INV-2024-0792,Enterprise 21 Ltd,05AAACC0021A1Z8,2024-03-19,646394,0,0,116350.92,762744.92
INV-2024-0793,Enterprise 33 Ltd,02AAACC0033A1Z5,2024-02-27,550267,0,0,99048.06,649315.06
INV-2024-0794,Enterprise 20 Ltd,05AAACC0020A1Z0,2024-01-21,266338,0,0,47940.84,314278.84
INV-2024-0795,Enterprise 20 Ltd,05AAACC0020A1Z0,2024-01-01,458837,0,0,82590.66,541427.66
INV-2024-0796,Enterprise 40 Ltd,03AAACC0040A1Z7,2024-02-23,832338,74910.42,74910.42,0,982158.84
INV-2024-0797,Enterprise 21 Ltd,05AAACC0021A1Z8,2023-12-20,653096,58778.64,58778.64,0,770653.28
INV-2024-0798,Enterprise 41 Ltd,01AAACC0041A1Z2,2024-02-06,65423,0,0,11776.14,77199.14
INV-2024-0799,Enterprise 23 Ltd,01AAACC0023A1Z7,2023-12-12,455703,41013.27,41013.27,0,537729.54
INV-2024-0800,Enterprise 8 Ltd,03AAACC0008A1Z8,2024-01-08,232442,0,0,41839.56,274281.56
INV-2024-0801,Enterprise 32 Ltd,05AAACC0032A1Z3,2024-01-11,827287,74455.83,74455.83,0,976198.66
INV-2024-0802,Enterprise 25 Ltd,08AAACC0025A1Z3,2024-03-16,757125,68141.25,68141.25,0,893407.5
INV-2024-0803,Enterprise 41 Ltd,01AAACC0041A1Z2,2024-02-04,212651,0,0,38277.18,250928.18
INV-2024-0804,Enterprise 4 Ltd,07AAACC0004A1Z3,2023-11-19,713948,0,0,128510.64,842458.64
INV-2024-0805,Enterprise 28 Ltd,03AAACC0028A1Z7,2023-11-11,427671,38490.39,38490.39,0,504651.78
INV-2024-0806,Enterprise 28 Ltd,03AAACC0028A1Z7,2024-02-18,92890,8360.1,8360.1,0,109610.2
INV-2024-0807,Enterprise 13 Ltd,01AAACC0013A1Z8,2023-12-08,805911,0,0,145063.98,950974.98
INV-2024-0808,Enterprise 38 Ltd,04AAACC0038A1Z2,2024-01-25,557161,0,0,100288.98,657449.98
INV-2024-0809,Enterprise 29 Ltd,01AAACC0029A1Z1,2023-11-16,218862,19697.58,19697.58,0,258257.16
INV-2024-0810,Enterprise 31 Ltd,09AAACC0031A1Z6,2023-12-12,232002,0,0,41760.36,273762.36
INV-2024-0811,Enterprise 6 Ltd,02AAACC0006A1Z2,2023-11-15,408465,0,0,73523.7,481988.7
INV-2024-0812,Enterprise 19 Ltd,01AAACC0019A1Z1,2024-01-12,885827,79724.43,79724.43,0,1045275.86
INV-2024-0813,Enterprise 14 Ltd,03AAACC0014A1Z5,2023-11-22,299555,26959.95,26959.95,0,353474.9
INV-2024-0814,Enterprise 28 Ltd,03AAACC0028A1Z7,2024-02-15,548786,49390.74,49390.74,0,647567.48
INV-2024-0815,Enterprise 8 Ltd,03AAACC0008A1Z8,2024-02-28,487056,43835.04,43835.04,0,574726.08
INV-2024-0816,Enterprise 12 Ltd,01AAACC0012A1Z4,2024-01-12,281625,25346.25,25346.25,0,332317.5
INV-2024-0817,Apex Logistics,21CCCC1111A1Z2,2023-12-11,595796,0,0,107243.28,703039.28
INV-2024-0818,Enterprise 43 Ltd,05AAACC0043A1Z3,2024-02-09,446824,40214.16,40214.16,0,527252.32
INV-2024-0819,Dynamic Dealers,24DDDD2222A1Z3,2024-02-01,19079,0,0,3434.22,22513.22
INV-2024-0820,Global Corp,22BBBB0000A1Z5,2023-11-12,75888,6829.92,6829.92,0,89547.84
INV-2024-0821,Enterprise 14 Ltd,03AAACC0014A1Z5,2023-11-09,717214,64549.26,64549.26,0,846312.52
INV-2024-0822,Enterprise 3 Ltd,08AAACC0003A1Z5,2023-12-21,217061,19535.49,19535.49,0,256131.98
INV-2024-0823,Rapid Delivery,14FFFF4444A1Z6,2024-03-18,806376,72573.84,72573.84,0,951523.68
INV-2024-0824,Enterprise 13 Ltd,01AAACC0013A1Z8,2024-03-16,73444,6609.96,6609.96,0,86663.92
INV-2024-0825,Apex Logistics,21CCCC1111A1Z2,2024-02-24,739397,66545.73,66545.73,0,872488.46
INV-2024-0826,Enterprise 42 Ltd,02AAACC0042A1Z5,2024-01-05,749596,0,0,134927.28,884523.28
INV-2024-0827,Enterprise 10 Ltd,01AAACC0010A1Z0,2024-03-03,499866,0,0,89975.88,589841.88
INV-2024-0828,Enterprise 43 Ltd,05AAACC0043A1Z3,2024-03-28,567569,51081.21,51081.21,0,669731.42
INV-2024-0829,Enterprise 41 Ltd,01AAACC0041A1Z2,2023-12-09,456042,0,0,82087.56,538129.56
INV-2024-0830,Enterprise 25 Ltd,08AAACC0025A1Z3,2023-11-07,807778,0,0,145400.04,953178.04
INV-2024-0831,Enterprise 35 Ltd,03AAACC0035A1Z6,2023-11-17,766255,0,0,137925.9,904180.9
INV-2024-0832,Enterprise 13 Ltd,01AAACC0013A1Z8,2024-01-06,130455,11740.95,11740.95,0,153936.9
INV-2024-0833,Enterprise 15 Ltd,02AAACC0015A1Z7,2024-03-22,780622,0,0,140511.96,921133.96
INV-2024-0834,Enterprise 20 Ltd,05AAACC0020A1Z0,2024-01-06,285295,0,0,51353.1,336648.1
INV-2024-0835,Enterprise 10 Ltd,01AAACC0010A1Z0,2023-11-01,679840,61185.6,61185.6,0,802211.2
INV-2024-0836,Enterprise 30 Ltd,04AAACC0030A1Z2,2024-02-01,425842,38325.78,38325.78,0,502493.56
INV-2024-0837,Enterprise 24 Ltd,08AAACC0024A1Z4,2024-01-07,371384,33424.56,33424.56,0,438233.12
INV-2024-0838,Enterprise 20 Ltd,05AAACC0020A1Z0,2023-12-13,237069,21336.21,21336.21,0,279741.42
INV-2024-0839,Enterprise 3 Ltd,08AAACC0003A1Z5,2024-01-06,508935,45804.15,45804.15,0,600543.3
INV-2024-0840,Enterprise 24 Ltd,08AAACC0024A1Z4,2023-11-22,726166,0,0,130709.88,856875.88
INV-2024-0841,Enterprise 43 Ltd,05AAACC0043A1Z3,2024-01-06,556101,50049.09,50049.09,0,656199.18
INV-2024-0842,Enterprise 33 Ltd,02AAACC0033A1Z5,2023-11-21,232541,20928.69,20928.69,0,274398.38
INV-2024-0843,Enterprise 23 Ltd,01AAACC0023A1Z7,2023-11-20,850933,76583.97,76583.97,0,1004100.94
INV-2024-0844,Enterprise 9 Ltd,02AAACC0009A1Z6,2024-02-21,442719,39844.71,39844.71,0,522408.42
INV-2024-0845,Enterprise 34 Ltd,01AAACC0034A1Z6,2024-02-08,117732,10595.88,10595.88,0,138923.76
INV-2024-0846,Apex Logistics,21CCCC1111A1Z2,2023-11-01,379975,34197.75,34197.75,0,448370.5
INV-2024-0847,Enterprise 23 Ltd,01AAACC0023A1Z7,2024-02-11,470424,0,0,84676.32,555100.32
INV-2024-0848,Prime Steels,33EEEE3333A1Z4,2023-12-12,403552,0,0,72639.36,476191.36
INV-2024-0849,Enterprise 33 Ltd,02AAACC0033A1Z5,2024-03-18,291163,26204.67,26204.67,0,343572.34
INV-2024-0850,Global Corp,22BBBB0000A1Z5,2024-02-20,193520,0,0,34833.6,228353.6
INV-2024-0851,Enterprise 25 Ltd,08AAACC0025A1Z3,2024-01-08,346058,31145.22,31145.22,0,408348.44
INV-2024-0852,TechNova Solutions,27AADCT1234E1Z1,2024-03-20,612497,0,0,110249.46,722746.46
INV-2024-0853,Enterprise 38 Ltd,04AAACC0038A1Z2,2024-03-02,294409,0,0,52993.62,347402.62
INV-2024-0854,Enterprise 27 Ltd,08AAACC0027A1Z8,2023-12-20,386686,34801.74,34801.74,0,456289.48
INV-2024-0855,Nexus Traders,09GGGG5555A1Z7,2024-01-19,214332,19289.88,19289.88,0,252911.76
INV-2024-0856,Dynamic Dealers,24DDDD2222A1Z3,2024-01-10,778367,0,0,140106.06,918473.06
INV-2024-0857,Enterprise 21 Ltd,05AAACC0021A1Z8,2023-11-12,686798,61811.82,61811.82,0,810421.64
INV-2024-0858,Enterprise 6 Ltd,02AAACC0006A1Z2,2024-01-26,259571,0,0,46722.78,306293.78
INV-2024-0859,Enterprise 31 Ltd,09AAACC0031A1Z6,2024-03-18,88478,0,0,15926.04,104404.04
INV-2024-0860,Enterprise 3 Ltd,08AAACC0003A1Z5,2023-11-12,32290,2906.1,2906.1,0,38102.2
INV-2024-0861,Enterprise 28 Ltd,03AAACC0028A1Z7,2024-03-25,187887,16909.83,16909.83,0,221706.66
INV-2024-0862,Enterprise 32 Ltd,05AAACC0032A1Z3,2024-01-25,802648,72238.32,72238.32,0,947124.64
INV-2024-0863,Enterprise 36 Ltd,06AAACC0036A1Z4,2024-01-04,899914,80992.26,80992.26,0,1061898.52
INV-2024-0864,Enterprise 30 Ltd,04AAACC0030A1Z2,2023-12-24,387099,0,0,69677.82,456776.82
INV-2024-0865,Enterprise 12 Ltd,01AAACC0012A1Z4,2023-12-26,502430,45218.7,45218.7,0,592867.4
INV-2024-0866,Enterprise 36 Ltd,06AAACC0036A1Z4,2024-02-01,573347,0,0,103202.46,676549.46
INV-2024-0867,Enterprise 19 Ltd,01AAACC0019A1Z1,2023-11-04,743553,66919.77,66919.77,0,877392.54
INV-2024-0868,Enterprise 37 Ltd,01AAACC0037A1Z0,2024-03-09,285082,0,0,51314.76,336396.76
INV-2024-0869,Enterprise 11 Ltd,09AAACC0011A1Z6,2024-03-23,820771,73869.39,73869.39,0,968509.78
INV-2024-0870,Enterprise 6 Ltd,02AAACC0006A1Z2,2023-11-22,594756,53528.04,53528.04,0,701812.08
INV-2024-0871,Enterprise 40 Ltd,03AAACC0040A1Z7,2024-03-08,901227,81110.43,81110.43,0,1063447.86
INV-2024-0872,Nexus Traders,09GGGG5555A1Z7,2024-02-08,224594,0,0,40426.92,265020.92
INV-2024-0873,Enterprise 24 Ltd,08AAACC0024A1Z4,2024-03-28,599562,0,0,107921.16,707483.16
INV-2024-0874,Enterprise 26 Ltd,02AAACC0026A1Z3,2023-12-23,604705,54423.45,54423.45,0,713551.9
INV-2024-0875,Enterprise 35 Ltd,03AAACC0035A1Z6,2024-03-27,439879,0,0,79178.22,519057.22
INV-2024-0876,Enterprise 10 Ltd,01AAACC0010A1Z0,2024-03-17,249715,0,0,44948.7,294663.7
INV-2024-0877,Enterprise 38 Ltd,04AAACC0038A1Z2,2023-12-13,344665,31019.85,31019.85,0,406704.7
INV-2024-0878,Enterprise 5 Ltd,06AAACC0005A1Z7,2023-11-16,403684,36331.56,36331.56,0,476347.12
INV-2024-0879,Enterprise 4 Ltd,07AAACC0004A1Z3,2024-03-15,142121,0,0,25581.78,167702.78
INV-2024-0880,Enterprise 5 Ltd,06AAACC0005A1Z7,2024-02-26,504912,45442.08,45442.08,0,595796.16
INV-2024-0881,Global Corp,22BBBB0000A1Z5,2024-01-19,144086,12967.74,12967.74,0,170021.48
INV-2024-0882,Enterprise 14 Ltd,03AAACC0014A1Z5,2023-11-09,774969,69747.21,69747.21,0,914463.42
INV-2024-0883,Enterprise 28 Ltd,03AAACC0028A1Z7,2023-11-24,675677,0,0,121621.86,797298.86
INV-2024-0884,Enterprise 8 Ltd,03AAACC0008A1Z8,2023-11-14,43015,0,0,7742.7,50757.7
INV-2024-0885,Enterprise 39 Ltd,03AAACC0039A1Z5,2024-01-15,735025,66152.25,66152.25,0,867329.5
INV-2024-0886,Enterprise 18 Ltd,09AAACC0018A1Z2,2023-12-28,648099,58328.91,58328.91,0,764756.82
INV-2024-0887,Enterprise 14 Ltd,03AAACC0014A1Z5,2023-12-19,69577,6261.93,6261.93,0,82100.86
INV-2024-0888,Enterprise 21 Ltd,05AAACC0021A1Z8,2024-03-09,28104,2529.36,2529.36,0,33162.72
INV-2024-0889,Enterprise 17 Ltd,04AAACC0017A1Z7,2024-01-28,110263,0,0,19847.34,130110.34
INV-2024-0890,Enterprise 3 Ltd,08AAACC0003A1Z5,2024-03-22,573352,51601.68,51601.68,0,676555.36
INV-2024-0891,Enterprise 5 Ltd,06AAACC0005A1Z7,2023-12-08,139698,0,0,25145.64,164843.64
INV-2024-0892,TechNova Solutions,27AADCT1234E1Z1,2024-03-01,93379,8404.11,8404.11,0,110187.22
INV-2024-0893,Enterprise 7 Ltd,01AAACC0007A1Z1,2023-12-24,862088,0,0,155175.84,1017263.84
INV-2024-0894,Enterprise 17 Ltd,04AAACC0017A1Z7,2023-12-01,660601,59454.09,59454.09,0,779509.18
INV-2024-0895,Enterprise 19 Ltd,01AAACC0019A1Z1,2023-12-18,420142,0,0,75625.56,495767.56
INV-2024-0896,Prime Steels,33EEEE3333A1Z4,2024-01-21,348763,31388.67,31388.67,0,411540.34
INV-2024-0897,TechNova Solutions,27AADCT1234E1Z1,2024-03-01,800942,72084.78,72084.78,0,945111.56
INV-2024-0898,Enterprise 18 Ltd,09AAACC0018A1Z2,2024-01-17,258549,0,0,46538.82,305087.82
INV-2024-0899,Enterprise 37 Ltd,01AAACC0037A1Z0,2023-11-27,67443,0,0,12139.74,79582.74
INV-2024-0900,Enterprise 38 Ltd,04AAACC0038A1Z2,2023-12-20,380805,0,0,68544.9,449349.9
INV-2024-0901,Enterprise 22 Ltd,09AAACC0022A1Z0,2024-01-27,723662,65129.58,65129.58,0,853921.16
INV-2024-0902,Enterprise 1 Ltd,03AAACC0001A1Z3,2024-03-03,331961,29876.49,29876.49,0,391713.98
INV-2024-0903,Enterprise 19 Ltd,01AAACC0019A1Z1,2023-11-02,402481,36223.29,36223.29,0,474927.58
INV-2024-0904,Enterprise 33 Ltd,02AAACC0033A1Z5,2023-11-23,880428,79238.52,79238.52,0,1038905.04
INV-2024-0905,Enterprise 42 Ltd,02AAACC0042A1Z5,2023-11-09,279048,25114.32,25114.32,0,329276.64
INV-2024-0906,Enterprise 4 Ltd,07AAACC0004A1Z3,2023-12-23,422605,0,0,76068.9,498673.9
INV-2024-0907,Dynamic Dealers,24DDDD2222A1Z3,2024-02-04,814611,0,0,146629.98,961240.98
INV-2024-0908,Enterprise 14 Ltd,03AAACC0014A1Z5,2023-12-12,202675,0,0,36481.5,239156.5
INV-2024-0909,Enterprise 8 Ltd,03AAACC0008A1Z8,2024-02-23,749359,0,0,134884.62,884243.62
INV-2024-0910,Global Corp,22BBBB0000A1Z5,2023-11-02,526395,0,0,94751.1,621146.1
INV-2024-0911,Enterprise 25 Ltd,08AAACC0025A1Z3,2024-03-11,281618,25345.62,25345.62,0,332309.24
INV-2024-0912,Enterprise 30 Ltd,04AAACC0030A1Z2,2024-03-18,864009,0,0,155521.62,1019530.62
INV-2024-0913,Enterprise 32 Ltd,05AAACC0032A1Z3,2024-03-10,157750,0,0,28395,186145
INV-2024-0914,Enterprise 37 Ltd,01AAACC0037A1Z0,2024-01-22,422231,0,0,76001.58,498232.58
INV-2024-0915,Enterprise 12 Ltd,01AAACC0012A1Z4,2024-03-04,191977,17277.93,17277.93,0,226532.86
INV-2024-0916,Enterprise 35 Ltd,03AAACC0035A1Z6,2024-01-11,216449,0,0,38960.82,255409.82
INV-2024-0917,Enterprise 10 Ltd,01AAACC0010A1Z0,2024-02-17,672348,60511.32,60511.32,0,793370.64
INV-2024-0918,Nexus Traders,09GGGG5555A1Z7,2024-03-04,134231,0,0,24161.58,158392.58
INV-2024-0919,Enterprise 29 Ltd,01AAACC0029A1Z1,2024-02-07,707929,63713.61,63713.61,0,835356.22
INV-2024-0920,Enterprise 38 Ltd,04AAACC0038A1Z2,2024-02-08,845931,76133.79,76133.79,0,998198.58
INV-2024-0921,Enterprise 41 Ltd,01AAACC0041A1Z2,2023-12-09,554947,0,0,99890.46,654837.46
INV-2024-0922,Enterprise 13 Ltd,01AAACC0013A1Z8,2024-01-06,14787,0,0,2661.66,17448.66
INV-2024-0923,Enterprise 28 Ltd,03AAACC0028A1Z7,2023-11-26,625133,56261.97,56261.97,0,737656.94
INV-2024-0924,Enterprise 25 Ltd,08AAACC0025A1Z3,2023-11-07,708091,63728.19,63728.19,0,835547.38
INV-2024-0925,Enterprise 5 Ltd,06AAACC0005A1Z7,2024-03-06,60861,5477.49,5477.49,0,71815.98
INV-2024-0926,Enterprise 2 Ltd,08AAACC0002A1Z5,2024-02-07,540469,48642.21,48642.21,0,637753.42
INV-2024-0927,Enterprise 10 Ltd,01AAACC0010A1Z0,2023-11-19,556377,0,0,100147.86,656524.86
INV-2024-0928,Enterprise 31 Ltd,09AAACC0031A1Z6,2023-12-03,472873,42558.57,42558.57,0,557990.14
INV-2024-0929,Enterprise 19 Ltd,01AAACC0019A1Z1,2023-12-09,350151,31513.59,31513.59,0,413178.18
INV-2024-0930,Enterprise 24 Ltd,08AAACC0024A1Z4,2024-03-18,823363,74102.67,74102.67,0,971568.34
INV-2024-0931,Enterprise 20 Ltd,05AAACC0020A1Z0,2024-03-01,98998,0,0,17819.64,116817.64
INV-2024-0932,Enterprise 33 Ltd,02AAACC0033A1Z5,2023-12-28,81160,0,0,14608.8,95768.8
INV-2024-0933,Enterprise 33 Ltd,02AAACC0033A1Z5,2023-11-17,398020,0,0,71643.6,469663.6
INV-2024-0934,Enterprise 8 Ltd,03AAACC0008A1Z8,2023-12-28,559580,50362.2,50362.2,0,660304.4
INV-2024-0935,Enterprise 15 Ltd,02AAACC0015A1Z7,2024-03-04,205601,0,0,37008.18,242609.18
INV-2024-0936,Enterprise 8 Ltd,03AAACC0008A1Z8,2024-01-09,634714,57124.26,57124.26,0,748962.52
INV-2024-0937,Enterprise 39 Ltd,03AAACC0039A1Z5,2024-03-07,630803,0,0,113544.54,744347.54
INV-2024-0938,Enterprise 24 Ltd,08AAACC0024A1Z4,2024-03-18,361603,32544.27,32544.27,0,426691.54
INV-2024-0939,TechNova Solutions,27AADCT1234E1Z1,2023-11-27,720496,0,0,129689.28,850185.28
INV-2024-0940,Enterprise 24 Ltd,08AAACC0024A1Z4,2024-01-24,872454,0,0,157041.72,1029495.72
INV-2024-0941,Enterprise 17 Ltd,04AAACC0017A1Z7,2024-01-26,277560,24980.4,24980.4,0,327520.8
INV-2024-0942,Enterprise 43 Ltd,05AAACC0043A1Z3,2024-01-12,895912,0,0,161264.16,1057176.16
INV-2024-0943,Enterprise 24 Ltd,08AAACC0024A1Z4,2024-02-22,418655,37678.95,37678.95,0,494012.9
INV-2024-0944,Enterprise 28 Ltd,03AAACC0028A1Z7,2024-01-14,274640,24717.6,24717.6,0,324075.2
INV-2024-0945,Enterprise 4 Ltd,07AAACC0004A1Z3,2023-11-09,597574,53781.66,53781.66,0,705137.32
INV-2024-0946,Enterprise 12 Ltd,01AAACC0012A1Z4,2024-02-04,407889,0,0,73420.02,481309.02
INV-2024-0947,Enterprise 32 Ltd,05AAACC0032A1Z3,2024-03-12,391424,0,0,70456.32,461880.32
INV-2024-0948,Enterprise 37 Ltd,01AAACC0037A1Z0,2023-11-06,440422,39637.98,39637.98,0,519697.96
INV-2024-0949,Enterprise 22 Ltd,09AAACC0022A1Z0,2023-11-07,169034,15213.06,15213.06,0,199460.12
INV-2024-0950,Enterprise 33 Ltd,02AAACC0033A1Z5,2023-12-15,418371,0,0,75306.78,493677.78
INV-2024-0951,Enterprise 41 Ltd,01AAACC0041A1Z2,2024-02-24,464830,41834.7,41834.7,0,548499.4
INV-2024-0952,Enterprise 10 Ltd,01AAACC0010A1Z0,2023-11-13,355909,32031.81,32031.81,0,419972.62
INV-2024-0953,Enterprise 24 Ltd,08AAACC0024A1Z4,2024-01-01,272782,24550.38,24550.38,0,321882.76
INV-2024-0954,Enterprise 10 Ltd,01AAACC0010A1Z0,2023-11-09,251054,0,0,45189.72,296243.72
INV-2024-0955,Prime Steels,33EEEE3333A1Z4,2024-03-16,740486,66643.74,66643.74,0,873773.48
INV-2024-0956,Enterprise 38 Ltd,04AAACC0038A1Z2,2023-12-02,780749,0,0,140534.82,921283.82
INV-2024-0957,Enterprise 32 Ltd,05AAACC0032A1Z3,2024-01-14,398512,0,0,71732.16,470244.16
INV-2024-0958,Enterprise 13 Ltd,01AAACC0013A1Z8,2024-02-20,589931,0,0,106187.58,696118.58
INV-2024-0959,Enterprise 9 Ltd,02AAACC0009A1Z6,2024-02-11,182915,0,0,32924.7,215839.7
INV-2024-0960,Enterprise 19 Ltd,01AAACC0019A1Z1,2023-12-10,735202,0,0,132336.36,867538.36
INV-2024-0961,Apex Logistics,21CCCC1111A1Z2,2024-01-12,755886,68029.74,68029.74,0,891945.48
INV-2024-0962,Enterprise 35 Ltd,03AAACC0035A1Z6,2023-11-09,156454,14080.86,14080.86,0,184615.72
INV-2024-0963,Enterprise 25 Ltd,08AAACC0025A1Z3,2024-01-11,81095,7298.55,7298.55,0,95692.1
INV-2024-0964,Dynamic Dealers,24DDDD2222A1Z3,2024-02-08,279777,25179.93,25179.93,0,330136.86
INV-2024-0965,Enterprise 37 Ltd,01AAACC0037A1Z0,2024-02-17,465316,0,0,83756.88,549072.88
INV-2024-0966,Enterprise 24 Ltd,08AAACC0024A1Z4,2024-02-19,224144,0,0,40345.92,264489.92
INV-2024-0967,Enterprise 29 Ltd,01AAACC0029A1Z1,2024-01-02,57637,5187.33,5187.33,0,68011.66
INV-2024-0968,Enterprise 36 Ltd,06AAACC0036A1Z4,2024-02-18,24213,0,0,4358.34,28571.34
INV-2024-0969,Enterprise 16 Ltd,08AAACC0016A1Z7,2023-11-09,667265,60053.85,60053.85,0,787372.7
INV-2024-0970,Enterprise 19 Ltd,01AAACC0019A1Z1,2024-01-18,36485,3283.65,3283.65,0,43052.3
INV-2024-0971,Enterprise 13 Ltd,01AAACC0013A1Z8,2023-11-03,780613,0,0,140510.34,921123.34
INV-2024-0972,Enterprise 6 Ltd,02AAACC0006A1Z2,2024-03-16,26362,2372.58,2372.58,0,31107.16
INV-2024-0973,Enterprise 34 Ltd,01AAACC0034A1Z6,2024-02-01,378498,34064.82,34064.82,0,446627.64
INV-2024-0974,Enterprise 19 Ltd,01AAACC0019A1Z1,2024-03-25,415260,0,0,74746.8,490006.8
INV-2024-0975,Enterprise 22 Ltd,09AAACC0022A1Z0,2023-12-25,675534,0,0,121596.12,797130.12
INV-2024-0976,Enterprise 32 Ltd,05AAACC0032A1Z3,2024-03-02,888050,79924.5,79924.5,0,1047899
INV-2024-0977,Enterprise 43 Ltd,05AAACC0043A1Z3,2024-03-15,39096,3518.64,3518.64,0,46133.28
INV-2024-0978,Enterprise 22 Ltd,09AAACC0022A1Z0,2024-02-22,497121,44740.89,44740.89,0,586602.78
INV-2024-0979,Enterprise 6 Ltd,02AAACC0006A1Z2,2024-01-24,372361,33512.49,33512.49,0,439385.98
INV-2024-0980,Global Corp,22BBBB0000A1Z5,2023-12-15,677578,60982.02,60982.02,0,799542.04
INV-2024-0981,Enterprise 20 Ltd,05AAACC0020A1Z0,2024-03-15,767992,69119.28,69119.28,0,906230.56
INV-2024-0982,Enterprise 19 Ltd,01AAACC0019A1Z1,2024-03-07,681710,0,0,122707.8,804417.8
INV-2024-0983,Rapid Delivery,14FFFF4444A1Z6,2024-01-09,19466,1751.94,1751.94,0,22969.88
INV-2024-0984,Enterprise 22 Ltd,09AAACC0022A1Z0,2024-03-09,447815,0,0,80606.7,528421.7
INV-2024-0985,Enterprise 41 Ltd,01AAACC0041A1Z2,2024-02-01,54744,4926.96,4926.96,0,64597.92
INV-2024-0986,Enterprise 18 Ltd,09AAACC0018A1Z2,2024-01-14,124293,0,0,22372.74,146665.74
INV-2024-0987,Enterprise 3 Ltd,08AAACC0003A1Z5,2023-12-16,339870,30588.3,30588.3,0,401046.6
INV-2024-0988,Enterprise 8 Ltd,03AAACC0008A1Z8,2024-01-12,652239,0,0,117403.02,769642.02
INV-2024-0989,Enterprise 1 Ltd,03AAACC0001A1Z3,2023-12-02,873308,0,0,157195.44,1030503.44
INV-2024-0990,Enterprise 10 Ltd,01AAACC0010A1Z0,2024-03-16,502704,45243.36,45243.36,0,593190.72
INV-2024-0991,Enterprise 12 Ltd,01AAACC0012A1Z4,2024-01-13,222912,0,0,40124.16,263036.16
INV-2024-0992,Enterprise 3 Ltd,08AAACC0003A1Z5,2024-02-17,138831,12494.79,12494.79,0,163820.58
INV-2024-0993,Enterprise 36 Ltd,06AAACC0036A1Z4,2024-01-06,54715,0,0,9848.7,64563.7
INV-2024-0994,Enterprise 24 Ltd,08AAACC0024A1Z4,2024-01-18,541671,48750.39,48750.39,0,639171.78
INV-2024-0995,Enterprise 17 Ltd,04AAACC0017A1Z7,2024-01-24,89855,0,0,16173.9,106028.9
INV-2024-0996,Enterprise 12 Ltd,01AAACC0012A1Z4,2024-03-11,247902,22311.18,22311.18,0,292524.36
INV-2024-0997,Enterprise 23 Ltd,01AAACC0023A1Z7,2024-01-09,372078,0,0,66974.04,439052.04
INV-2024-0998,Enterprise 11 Ltd,09AAACC0011A1Z6,2024-02-28,240988,0,0,43377.84,284365.84
INV-2024-0999,Enterprise 10 Ltd,01AAACC0010A1Z0,2024-03-27,628287,56545.83,56545.83,0,741378.66
INV-2024-1000,Enterprise 23 Ltd,01AAACC0023A1Z7,2024-02-13,141912,12772.08,12772.08,0,167456.16