Invoice Number,GSTIN,Invoice Value,CGST,SGST,IGST
INV-2024-0001,01AAACC0019A1Z1,257933.84,19672.92,19672.92,0
INV-2024-0002,03AAACC0014A1Z5,626631.92,0,0,95587.92
INV-2024-0004,08AAACC0003A1Z5,1068098.24,81465.12,81465.12,0
INV-2024-0005,24DDDD2222A1Z3,886922.22,67646.61,67646.61,0
INV-2024-0006,05AAACC0032A1Z3,101560.24,0,0,15492.24
INV-2024-0007,06AAACC0036A1Z4,546604.32,0,0,83380.32
INV-2024-0008,05AAACC0032A1Z3,171407.98,13073.49,13073.49,0
INV-2024-0009,08AAACC0024A1Z4,885475.54,0,0,135072.54
INV-2024-0010,08AAACC0016A1Z7,1071811.7,81748.35,81748.35,0
INV-2024-0011,09AAACC0011A1Z6,238597.18,18198.09,18198.09,0
INV-2024-0012,01AAACC0007A1Z1,433593.36,33070.68,33070.68,0
INV-2024-0013,02AAACC0015A1Z7,860870.18,65659.59,65659.59,0
INV-2024-0014,09AAACC0022A1Z0,20862.4,0,0,3182.4
INV-2024-0015,03AAACC0039A1Z5,516023.44,39357.72,39357.72,0
INV-2024-0016,01AAACC0007A1Z1,493619.96,0,0,75297.96
INV-2024-0017,03AAACC0014A1Z5,221103.68,16863.84,16863.84,0
INV-2024-0018,03AAACC0008A1Z8,327199.84,0,0,49911.84
INV-2024-0019,04AAACC0030A1Z2,606291.08,46242.54,46242.54,0
INV-2024-0020,01AAACC0010A1Z0,107696.24,0,0,16428.24
INV-2024-0021,08AAACC0025A1Z3,870163.86,0,0,132736.86
INV-2024-0022,03AAACC0008A1Z8,139170.38,0,0,21229.38
INV-2024-0023,03AAACC0001A1Z3,57136.78,4357.89,4357.89,0
INV-2024-0024,08AAACC0027A1Z8,100088.78,0,0,15267.78
INV-2024-0025,05AAACC0032A1Z3,242557.26,18500.13,18500.13,0
INV-2024-0026,01AAACC0013A1Z8,708197.06,0,0,108030.06
INV-2024-0027,03AAACC0028A1Z7,690540.72,52668.36,52668.36,0
INV-2024-0028,05AAACC0021A1Z8,748379.6,57079.8,57079.8,0
INV-2024-0029,09AAACC0011A1Z6,896025.92,0,0,136681.92
INV-2024-0030,27AADCT1234E1Z1,1060120.26,0,0,161713.26
INV-2024-0031,08AAACC0024A1Z4,217921.22,0,0,33242.22
INV-2024-0032,03AAACC0008A1Z8,317961.38,0,0,48502.58
INV-2024-0033,09GGGG5555A1Z7,719077.84,54844.92,54844.92,0
INV-2024-0034,07AAACC0004A1Z3,680856.46,51929.73,51929.73,0
INV-2024-0035,01AAACC0010A1Z0,674503.34,0,0,102890.34
INV-2024-0036,05AAACC0043A1Z3,873761.68,66642.84,66642.84,0
INV-2024-0037,08AAACC0002A1Z5,748862.22,0,0,114233.22
INV-2024-0038,04AAACC0038A1Z2,630112.92,48059.46,48059.46,0
INV-2024-0039,14FFFF4444A1Z6,614365.82,46858.41,46858.41,0
INV-2024-0040,02AAACC0009A1Z6,992779.84,75720.5,75720.5,0
INV-2024-0041,01AAACC0019A1Z1,363996.96,27762.48,27762.48,0
INV-2024-0042,05AAACC0020A1Z0,615442.92,46940.56,46940.56,0
INV-2024-0043,08AAACC0024A1Z4,91254.12,0,0,13920.12
INV-2024-0044,14FFFF4444A1Z6,764235.26,0,0,116578.26
INV-2024-0045,02AAACC0006A1Z2,392020.78,0,0,59799.78
INV-2024-0046,04AAACC0017A1Z7,442015.02,0,0,67426.02
INV-2024-0047,09AAACC0018A1Z2,844371.42,0,0,128802.42
INV-2024-0048,01AAACC0010A1Z0,789645.08,0,0,120454.33
INV-2024-0049,05AAACC0043A1Z3,584535.42,0,0,89166.42
INV-2024-0050,01AAACC0019A1Z1,735464.5,0,0,112189.5
INV-2024-0051,09AAACC0018A1Z2,981043.74,0,0,149650.74
INV-2024-0052,09GGGG5555A1Z7,938385.56,0,0,143143.56
INV-2024-0053,01AAACC0034A1Z6,639427.84,48769.92,48769.92,0
INV-2024-0054,05AAACC0021A1Z8,684559.3,0,0,104424.3
INV-2024-0055,07AAACC0004A1Z3,928942.02,0,0,141703.02
INV-2024-0056,01AAACC0041A1Z2,707228.28,53941.14,53941.14,0
INV-2024-0057,01AAACC0034A1Z6,935257.38,71333.19,71333.19,0
INV-2024-0058,07AAACC0004A1Z3,152256.58,0,0,23225.58
INV-2024-0059,01AAACC0012A1Z4,779572.9,59458.95,59458.95,0
INV-2024-0060,22BBBB0000A1Z5,564757.44,43074.72,43074.72,0
INV-2024-0061,03AAACC0008A1Z8,562153.18,0,0,85752.18
INV-2024-0062,01AAACC0023A1Z7,998793.3,76179.15,76179.15,0
INV-2024-0063,03AAACC0001A1Z3,214365.88,0,0,32699.88
INV-2024-0064,01AAACC0029A1Z1,18274.66,1393.83,1393.83,0
INV-2024-0065,02AAACC0009A1Z6,272023.04,0,0,41495.04
INV-2024-0066,14FFFF4444A1Z6,517939.76,0,0,79007.76
INV-2024-0067,22BBBB0000A1Z5,865070.98,65979.99,65979.99,0
INV-2024-0068,14FFFF4444A1Z6,647346.82,0,0,98747.82
INV-2024-0069,22BBBB0000A1Z5,891528.94,0,0,135995.94
INV-2024-0070,03AAACC0028A1Z7,876337.62,66839.31,66839.31,0
INV-2024-0071,09AAACC0018A1Z2,803667.32,61296.66,61296.66,0
INV-2024-0072,08AAACC0003A1Z5,279436.98,21312.99,21312.99,0
INV-2024-0073,02AAACC0033A1Z5,991489.1,75622.05,75622.05,0
INV-2024-0074,22BBBB0000A1Z5,100467.56,7662.78,7662.78,0
INV-2024-0075,06AAACC0036A1Z4,213181.16,0,0,32519.16
INV-2024-0076,06AAACC0036A1Z4,978830.06,74656.53,74656.53,0
INV-2024-0077,02AAACC0042A1Z5,920234.8,0,0,140374.8
INV-2024-0078,04AAACC0017A1Z7,721088.56,0,0,109996.56
INV-2024-0079,03AAACC0028A1Z7,454722.44,0,0,69364.44
INV-2024-0080,09AAACC0022A1Z0,832618.62,0,0,127009.62
INV-2024-0081,03AAACC0001A1Z3,637043.06,48588.03,48588.03,0
INV-2024-0082,09AAACC0011A1Z6,611925.58,46672.29,46672.29,0
INV-2024-0083,33EEEE3333A1Z4,638022.46,48662.73,48662.73,0
INV-2024-0084,01AAACC0041A1Z2,830336.5,63330.75,63330.75,0
INV-2024-0085,04AAACC0038A1Z2,375137.34,0,0,57224.34
INV-2024-0086,03AAACC0014A1Z5,590502.68,45038.34,45038.34,0
INV-2024-0087,03AAACC0014A1Z5,525885.88,0,0,80219.88
INV-2024-0088,03AAACC0028A1Z7,959651.52,73193.76,73193.76,0
INV-2024-0089,01AAACC0034A1Z6,78874.74,0,0,12031.74
INV-2024-0090,02AAACC0033A1Z5,622024.02,47442.51,47442.51,0
INV-2024-0091,21CCCC1111A1Z2,673469.66,0,0,102732.66
INV-2024-0092,08AAACC0016A1Z7,900029.66,0,0,137292.66
INV-2024-0093,06AAACC0036A1Z4,431531.9,0,0,65826.9
INV-2024-0094,14FFFF4444A1Z6,478839.28,0,0,73043.28
INV-2024-0095,02AAACC0009A1Z6,315308.98,0,0,48097.98
INV-2024-0096,05AAACC0043A1Z3,511894.62,0,0,78085.62
INV-2024-0097,08AAACC0025A1Z3,129628.9,0,0,19773.9
INV-2024-0098,03AAACC0014A1Z5,368124.6,28077.3,28077.3,0
INV-2024-0099,03AAACC0028A1Z7,846543.8,64566.9,64566.9,0
INV-2024-0100,06AAACC0005A1Z7,629625.58,48022.29,48022.29,0
INV-2024-0101,01AAACC0029A1Z1,16181.34,0,0,2468.34
INV-2024-0102,02AAACC0033A1Z5,394025.6,30052.8,30052.8,0
INV-2024-0103,02AAACC0033A1Z5,153169.9,11682.45,11682.45,0
INV-2024-0104,09AAACC0011A1Z6,843161.92,64308.96,64308.96,0
INV-2024-0105,02AAACC0009A1Z6,89609.2,6834.6,6834.6,0
INV-2024-0106,02AAACC0006A1Z2,306460.16,23374.08,23374.08,0
INV-2024-0107,14FFFF4444A1Z6,322184.84,24573.42,24573.42,0
INV-2024-0108,33EEEE3333A1Z4,795933.6,0,0,121413.6
INV-2024-0109,01AAACC0041A1Z2,622558.56,47483.28,47483.28,0
INV-2024-0110,02AAACC0026A1Z3,422481.3,0,0,64446.3
INV-2024-0111,01AAACC0023A1Z7,259843.08,0,0,39637.08
INV-2024-0112,09AAACC0031A1Z6,951403.32,72564.66,72564.66,0
INV-2024-0113,02AAACC0026A1Z3,1027298.56,78353.28,78353.28,0
INV-2024-0114,02AAACC0033A1Z5,153600.6,0,0,23430.6
INV-2024-0115,01AAACC0029A1Z1,301559.62,0,0,46000.62
INV-2024-0116,06AAACC0036A1Z4,903644,68922,68922,0
INV-2024-0117,09AAACC0031A1Z6,465366.04,35494.02,35494.02,0
INV-2024-0118,01AAACC0023A1Z7,257490.16,19639.08,19639.08,0
INV-2024-0119,04AAACC0017A1Z7,223587.58,0,0,34106.58
INV-2024-0120,07AAACC0004A1Z3,728229.92,55542.96,55542.96,0
INV-2024-0121,01AAACC0019A1Z1,278474.1,21239.55,21239.55,0
INV-2024-0122,09AAACC0011A1Z6,202836.1,0,0,30941.1
INV-2024-0123,06AAACC0005A1Z7,875332.26,66762.63,66762.63,0
INV-2024-0124,03AAACC0039A1Z5,18765.54,0,0,2862.54
INV-2024-0125,08AAACC0002A1Z5,908974.06,0,0,138657.06
INV-2024-0126,08AAACC0024A1Z4,780164.08,0,0,119008.08
INV-2024-0127,09AAACC0031A1Z6,958700.15,0,0,146242.39
INV-2024-0128,01AAACC0019A1Z1,572225.66,0,0,87288.66
INV-2024-0129,06AAACC0005A1Z7,401693.71,0,0,61275.31
INV-2024-0130,24DDDD2222A1Z3,784191.42,59811.21,59811.21,0
INV-2024-0131,05AAACC0020A1Z0,242094.7,0,0,36929.7
INV-2024-0132,21CCCC1111A1Z2,312593.8,23841.9,23841.9,0
INV-2024-0133,08AAACC0024A1Z4,19480.62,1485.81,1485.81,0
INV-2024-0134,04AAACC0038A1Z2,147851.64,11276.82,11276.82,0
INV-2024-0135,03AAACC0014A1Z5,184325.44,0,0,28117.44
INV-2024-0136,01AAACC0007A1Z1,223592.3,17053.65,17053.65,0
INV-2024-0137,09GGGG5555A1Z7,49301.58,3760.29,3760.29,0
INV-2024-0138,21CCCC1111A1Z2,73729.94,5623.47,5623.47,0
INV-2024-0139,33EEEE3333A1Z4,47952.84,0,0,7314.84
INV-2024-0140,08AAACC0002A1Z5,796635.7,0,0,121520.7
INV-2024-0141,01AAACC0019A1Z1,763148.48,0,0,116412.48
INV-2024-0142,05AAACC0020A1Z0,793076.94,0,0,120977.84
INV-2024-0143,21CCCC1111A1Z2,803436.04,0,0,122558.04
INV-2024-0144,08AAACC0016A1Z7,745259.68,0,0,113683.68
INV-2024-0145,27AADCT1234E1Z1,581462.7,0,0,88697.7
INV-2024-0146,08AAACC0016A1Z7,87751.88,0,0,13385.88
INV-2024-0147,01AAACC0041A1Z2,413359.9,31527.45,31527.45,0
INV-2024-0148,09GGGG5555A1Z7,255775.62,0,0,39016.62
INV-2024-0149,09AAACC0018A1Z2,254312.42,0,0,38793.42
INV-2024-0150,05AAACC0021A1Z8,396238.1,0,0,60443.1
INV-2024-0151,33EEEE3333A1Z4,68882.5,5253.75,5253.75,0
INV-2024-0152,05AAACC0021A1Z8,967709.74,73808.37,73808.37,0
INV-2024-0153,05AAACC0020A1Z0,618298.76,0,0,94316.76
INV-2024-0154,08AAACC0003A1Z5,126347.32,0,0,19273.32
INV-2024-0155,21CCCC1111A1Z2,899403.08,0,0,137197.08
INV-2024-0156,05AAACC0020A1Z0,219190.9,0,0,33435.9
INV-2024-0157,05AAACC0032A1Z3,100338.94,0,0,15305.94
INV-2024-0158,03AAACC0035A1Z6,536292.3,0,0,81807.3
INV-2024-0159,05AAACC0043A1Z3,803628.38,61293.69,61293.69,0
INV-2024-0160,08AAACC0027A1Z8,323004.94,24635.97,24635.97,0
INV-2024-0161,06AAACC0036A1Z4,118405.92,9030.96,9030.96,0
INV-2024-0162,01AAACC0013A1Z8,216918.22,16544.61,16544.61,0
INV-2024-0163,06AAACC0036A1Z4,589561.04,44966.52,44966.52,0
INV-2024-0164,05AAACC0043A1Z3,483040.08,0,0,73684.08
INV-2024-0165,22BBBB0000A1Z5,1060535.62,80888.31,80888.31,0
INV-2024-0166,09AAACC0011A1Z6,149825.78,11427.39,11427.39,0
INV-2024-0167,02AAACC0026A1Z3,517350.94,0,0,78917.94
INV-2024-0168,33EEEE3333A1Z4,162484.82,12392.91,12392.91,0
INV-2024-0169,06AAACC0005A1Z7,19246.98,0,0,2935.98
INV-2024-0170,02AAACC0033A1Z5,431341.92,32898.96,32898.96,0
INV-2024-0171,06AAACC0005A1Z7,954346.24,0,0,145578.24
INV-2024-0172,01AAACC0023A1Z7,110023.2,0,0,16783.2
INV-2024-0173,01AAACC0034A1Z6,691514.22,52742.61,52742.61,0
INV-2024-0174,03AAACC0001A1Z3,170676.38,13017.69,13017.69,0
INV-2024-0175,04AAACC0017A1Z7,953093.08,72693.54,72693.54,0
INV-2024-0176,09GGGG5555A1Z7,728537.9,0,0,111132.9
INV-2024-0177,05AAACC0021A1Z8,349238.7,26636.85,26636.85,0
INV-2024-0178,01AAACC0034A1Z6,329092.56,25100.28,25100.28,0
INV-2024-0179,01AAACC0012A1Z4,959080.4,0,0,146300.4
INV-2024-0180,21CCCC1111A1Z2,833831.66,0,0,127194.66
INV-2024-0181,03AAACC0008A1Z8,191783.04,0,0,29255.04
INV-2024-0182,01AAACC0013A1Z8,438833.74,0,0,66940.74
INV-2024-0183,08AAACC0016A1Z7,1011635.24,77158.62,77158.62,0
INV-2024-0184,02AAACC0042A1Z5,927907.16,70772.58,70772.58,0
INV-2024-0185,01AAACC0007A1Z1,354769.36,27058.68,27058.68,0
INV-2024-0186,05AAACC0021A1Z8,789371.62,0,0,120412.62
INV-2024-0187,03AAACC0040A1Z7,899669.76,0,0,137237.76
INV-2024-0188,01AAACC0007A1Z1,616356.48,47010.24,47010.24,0
INV-2024-0189,02AAACC0033A1Z5,87349.5,6662.25,6662.25,0
INV-2024-0190,09AAACC0011A1Z6,324635.7,24760.35,24760.35,0
INV-2024-0191,04AAACC0030A1Z2,112235.7,0,0,17120.7
INV-2024-0192,04AAACC0030A1Z2,113357.88,8645.94,8645.94,0
INV-2024-0193,03AAACC0039A1Z5,619044.4,47215.25,47215.25,0
INV-2024-0194,03AAACC0040A1Z7,686787.14,52382.07,52382.07,0
INV-2024-0195,03AAACC0008A1Z8,801762.8,61151.4,61151.4,0
INV-2024-0196,09AAACC0031A1Z6,571409.1,43582.05,43582.05,0
INV-2024-0197,08AAACC0016A1Z7,1059526.72,0,0,161622.72
INV-2024-0198,27AADCT1234E1Z1,785077.6,0,0,119757.6
INV-2024-0199,08AAACC0003A1Z5,513711.82,39181.41,39181.41,0
INV-2024-0200,05AAACC0043A1Z3,585117.16,0,0,89255.16
INV-2024-0201,02AAACC0009A1Z6,653153.6,49816.8,49816.8,0
INV-2024-0202,22BBBB0000A1Z5,562700.7,42917.85,42917.85,0
INV-2024-0203,33EEEE3333A1Z4,38558.86,2940.93,2940.93,0
INV-2024-0204,01AAACC0029A1Z1,258206.42,0,0,39387.42
INV-2024-0205,08AAACC0025A1Z3,444509.54,0,0,67806.54
INV-2024-0206,08AAACC0027A1Z8,497136.36,37917.18,37917.18,0
INV-2024-0207,06AAACC0005A1Z7,739542.58,0,0,112811.58
INV-2024-0208,03AAACC0035A1Z6,79565.04,6068.52,6068.52,0
INV-2024-0209,08AAACC0003A1Z5,876131.12,0,0,133647.12
INV-2024-0210,22BBBB0000A1Z5,228863.36,0,0,34911.36
INV-2024-0211,01AAACC0013A1Z8,638700.96,0,0,97428.96
INV-2024-0212,09AAACC0022A1Z0,413138.06,0,0,63021.06
INV-2024-0213,01AAACC0034A1Z6,451443.22,34432.11,34432.11,0
INV-2024-0214,09AAACC0022A1Z0,698656.76,0,0,106574.76
INV-2024-0215,08AAACC0027A1Z8,395867.58,0,0,60386.58
INV-2024-0216,03AAACC0028A1Z7,907821.2,0,0,138481.2
INV-2024-0217,01AAACC0012A1Z4,893167.96,0,0,136245.96
INV-2024-0219,09AAACC0031A1Z6,482650.68,0,0,73624.68
INV-2024-0220,09AAACC0031A1Z6,432503.04,32987.52,32987.52,0
INV-2024-0221,08AAACC0003A1Z5,782321.12,0,0,119337.12
INV-2024-0222,01AAACC0012A1Z4,961876.88,73363.49,73363.49,0
INV-2024-0223,01AAACC0037A1Z0,1035573.9,78984.45,78984.45,0
INV-2024-0224,09AAACC0018A1Z2,384517.16,29327.58,29327.58,0
INV-2024-0225,08AAACC0027A1Z8,573340.76,43729.38,43729.38,0
INV-2024-0226,02AAACC0006A1Z2,60744.04,4633.02,4633.02,0
INV-2024-0227,03AAACC0014A1Z5,637898.56,0,0,97306.56
INV-2024-0228,01AAACC0012A1Z4,989243.56,75450.78,75450.78,0
INV-2024-0229,08AAACC0016A1Z7,426594.78,32536.89,32536.89,0
INV-2024-0230,01AAACC0013A1Z8,27536.48,2100.24,2100.24,0
INV-2024-0231,03AAACC0001A1Z3,271880.26,20736.63,20736.63,0
INV-2024-0232,27AADCT1234E1Z1,247890.86,0,0,37813.86
INV-2024-0233,33EEEE3333A1Z4,212775.24,16228.62,16228.62,0
INV-2024-0235,01AAACC0013A1Z8,263164.78,20071.89,20071.89,0
INV-2024-0236,09AAACC0011A1Z6,554001.74,42254.37,42254.37,0
INV-2024-0237,33EEEE3333A1Z4,529491.96,40384.98,40384.98,0
INV-2024-0238,03AAACC0035A1Z6,958008.96,73068.48,73068.48,0
INV-2024-0239,02AAACC0033A1Z5,383295.86,0,0,58468.86
INV-2024-0240,03AAACC0039A1Z5,442182.58,33725.79,33725.79,0
INV-2024-0241,03AAACC0001A1Z3,611383.96,46630.98,46630.98,0
INV-2024-0242,04AAACC0030A1Z2,455746.68,34760.34,34760.34,0
INV-2024-0243,33EEEE3333A1Z4,776836.48,59250.24,59250.24,0
INV-2024-0244,05AAACC0043A1Z3,129844.84,0,0,19806.84
INV-2024-0245,02AAACC0026A1Z3,18245.16,0,0,2783.16
INV-2024-0246,27AADCT1234E1Z1,43108.94,0,0,6575.94
INV-2024-0247,05AAACC0020A1Z0,801322.07,61117.78,61117.78,0
INV-2024-0248,06AAACC0005A1Z7,880827.52,67181.76,67181.76,0
INV-2024-0249,08AAACC0002A1Z5,524461.62,0,0,80002.62
INV-2024-0250,01AAACC0013A1Z8,939887.7,0,0,143372.7
INV-2024-0251,05AAACC0043A1Z3,628538.8,47939.4,47939.4,0
INV-2024-0252,24DDDD2222A1Z3,633005.1,0,0,96560.1
INV-2024-0253,01AAACC0023A1Z7,487401.36,37174.68,37174.68,0
INV-2024-0254,09AAACC0022A1Z0,382564.26,0,0,58357.26
INV-2024-0255,01AAACC0013A1Z8,790157.5,0,0,120532.5
INV-2024-0256,03AAACC0014A1Z5,1044275.22,0,0,159296.22
INV-2024-0258,02AAACC0042A1Z5,279565.6,21322.8,21322.8,0
INV-2024-0259,22BBBB0000A1Z5,456675.34,34831.17,34831.17,0
INV-2024-0260,01AAACC0034A1Z6,697489.74,0,0,106396.74
INV-2024-0261,09AAACC0018A1Z2,183140.72,0,0,27936.72
INV-2024-0262,22BBBB0000A1Z5,417686.96,31857.48,31857.48,0
INV-2024-0263,05AAACC0032A1Z3,26126.38,1992.69,1992.69,0
INV-2024-0264,01AAACC0012A1Z4,502189.12,0,0,76605.12
INV-2024-0265,08AAACC0003A1Z5,298226.12,0,0,45492.12
INV-2024-0266,06AAACC0036A1Z4,482407.6,0,0,73587.6
INV-2024-0267,04AAACC0038A1Z2,542945.14,0,0,82822.14
INV-2024-0268,21CCCC1111A1Z2,1000088.94,0,0,152555.94
INV-2024-0269,21CCCC1111A1Z2,635614.08,0,0,96958.08
INV-2024-0270,21CCCC1111A1Z2,979595.88,0,0,149429.88
INV-2024-0271,01AAACC0037A1Z0,985494.7,75164.85,75164.85,0
INV-2024-0272,22BBBB0000A1Z5,837119.14,0,0,127696.14
INV-2024-0273,09AAACC0031A1Z6,21162.12,0,0,3228.12
INV-2024-0274,03AAACC0035A1Z6,143778.28,0,0,21932.28
INV-2024-0275,09AAACC0022A1Z0,232344.36,17721.18,17721.18,0
INV-2024-0276,02AAACC0015A1Z7,542975.82,0,0,82826.82
INV-2024-0277,02AAACC0006A1Z2,572587.92,43671.96,43671.96,0
INV-2024-0278,02AAACC0026A1Z3,1031952.48,0,0,157416.48
INV-2024-0279,03AAACC0040A1Z7,389405.9,29700.45,29700.45,0
INV-2024-0280,02AAACC0006A1Z2,302568.52,0,0,46154.52
INV-2024-0281,05AAACC0020A1Z0,895413.5,68294.25,68294.25,0
INV-2024-0282,01AAACC0012A1Z4,994075.78,0,0,151638.68
INV-2024-0283,05AAACC0043A1Z3,597550.82,45575.91,45575.91,0
INV-2024-0284,08AAACC0025A1Z3,978078.1,74599.18,74599.18,0
INV-2024-0285,01AAACC0041A1Z2,1040651.44,0,0,158743.44
INV-2024-0286,02AAACC0009A1Z6,106048.96,8088.48,8088.48,0
INV-2024-0287,01AAACC0023A1Z7,1101311.35,83998.32,83998.32,0
INV-2024-0288,01AAACC0037A1Z0,274300.44,20921.22,20921.22,0
INV-2024-0289,01AAACC0023A1Z7,386263.56,29460.78,29460.78,0
INV-2024-0290,01AAACC0041A1Z2,653076.9,0,0,99621.9
INV-2024-0291,05AAACC0021A1Z8,220386.24,16809.12,16809.12,0
INV-2024-0292,08AAACC0027A1Z8,498417.84,0,0,76029.84
INV-2024-0293,08AAACC0024A1Z4,272690.92,20798.46,20798.46,0
INV-2024-0294,08AAACC0025A1Z3,107946.4,8233.2,8233.2,0
INV-2024-0295,09AAACC0022A1Z0,1046079.44,79785.72,79785.72,0
INV-2024-0296,02AAACC0009A1Z6,687145.86,0,0,104818.86
INV-2024-0297,08AAACC0027A1Z8,808784.98,61686.99,61686.99,0
INV-2024-0298,01AAACC0029A1Z1,790968.16,0,0,120656.16
INV-2024-0299,01AAACC0041A1Z2,1070321.36,81634.68,81634.68,0
INV-2024-0300,09GGGG5555A1Z7,896253.66,0,0,136716.66
INV-2024-0301,09AAACC0011A1Z6,1067595.56,0,0,162853.56
INV-2024-0302,04AAACC0030A1Z2,450691.56,0,0,68749.56
INV-2024-0303,06AAACC0036A1Z4,378211.24,0,0,57693.24
INV-2024-0304,01AAACC0029A1Z1,888479.82,67765.41,67765.41,0
INV-2024-0305,21CCCC1111A1Z2,228975.46,17464.23,17464.23,0
INV-2024-0306,21CCCC1111A1Z2,838280.26,0,0,127873.26
INV-2024-0307,08AAACC0003A1Z5,1041305.16,0,0,158843.16
INV-2024-0308,09AAACC0018A1Z2,857548.48,0,0,130812.48
INV-2024-0309,04AAACC0030A1Z2,360637.5,0,0,55012.5
INV-2024-0310,01AAACC0037A1Z0,356495.7,0,0,54380.7
INV-2024-0311,02AAACC0009A1Z6,252025.58,19222.29,19222.29,0
INV-2024-0312,02AAACC0015A1Z7,550261.14,41969.07,41969.07,0
INV-2024-0313,08AAACC0003A1Z5,926741.32,70683.66,70683.66,0
INV-2024-0314,04AAACC0038A1Z2,104379.26,0,0,15922.26
INV-2024-0315,22BBBB0000A1Z5,864491.6,0,0,131871.6
INV-2024-0316,06AAACC0005A1Z7,350989.82,0,0,53540.82
INV-2024-0317,02AAACC0009A1Z6,431130.7,0,0,65765.7
INV-2024-0318,09AAACC0011A1Z6,810326.06,0,0,123609.06
INV-2024-0319,06AAACC0005A1Z7,664636.18,50692.59,50692.59,0
INV-2024-0320,09AAACC0022A1Z0,874751.7,0,0,133436.7
INV-2024-0321,09AAACC0022A1Z0,461536.94,0,0,70403.94
INV-2024-0322,03AAACC0001A1Z3,122036.78,9307.89,9307.89,0
INV-2024-0323,01AAACC0029A1Z1,543644.05,41464.38,41464.38,0
INV-2024-0324,02AAACC0006A1Z2,811442.34,61889.67,61889.67,0
INV-2024-0325,01AAACC0013A1Z8,420667.64,32084.82,32084.82,0
INV-2024-0326,09AAACC0011A1Z6,972515.88,74174.94,74174.94,0
INV-2024-0327,22BBBB0000A1Z5,673575.86,51374.43,51374.43,0
INV-2024-0328,01AAACC0019A1Z1,80346.2,0,0,12256.2
INV-2024-0329,27AADCT1234E1Z1,788317.88,60125.94,60125.94,0
INV-2024-0330,01AAACC0010A1Z0,97300.44,7421.22,7421.22,0
INV-2024-0331,02AAACC0009A1Z6,590973.5,45074.25,45074.25,0
INV-2024-0332,06AAACC0005A1Z7,168920.54,0,0,25767.54
INV-2024-0333,04AAACC0017A1Z7,109597.22,8359.11,8359.11,0
INV-2024-0334,09AAACC0031A1Z6,606844.5,0,0,92569.5
INV-2024-0335,21CCCC1111A1Z2,114972.12,0,0,17538.12
INV-2024-0336,03AAACC0035A1Z6,926269.32,70647.66,70647.66,0
INV-2024-0337,08AAACC0016A1Z7,198774.54,15160.77,15160.77,0
INV-2024-0338,01AAACC0029A1Z1,375584.56,0,0,57292.56
INV-2024-0339,05AAACC0032A1Z3,765816.46,0,0,116819.46
INV-2024-0340,03AAACC0028A1Z7,544934.62,0,0,83125.62
INV-2024-0341,04AAACC0038A1Z2,809107.12,61711.56,61711.56,0
INV-2024-0342,01AAACC0041A1Z2,205082.82,15641.91,15641.91,0
INV-2024-0343,04AAACC0030A1Z2,491866.48,37515.24,37515.24,0
INV-2024-0344,08AAACC0016A1Z7,304068.3,23191.65,23191.65,0
INV-2024-0345,08AAACC0016A1Z7,429372.5,0,0,65497.5
INV-2024-0346,03AAACC0008A1Z8,997320.66,76066.83,76066.83,0
INV-2024-0347,04AAACC0017A1Z7,302328.98,0,0,46117.98
INV-2024-0348,09AAACC0018A1Z2,1034144.92,78875.46,78875.46,0
INV-2024-0349,03AAACC0014A1Z5,740621.1,56488.05,56488.05,0
INV-2024-0350,06AAACC0036A1Z4,199038.86,15180.93,15180.93,0
INV-2024-0351,33EEEE3333A1Z4,569646.18,0,0,86895.18
INV-2024-0352,04AAACC0017A1Z7,142046.04,0,0,21668.04
INV-2024-0353,03AAACC0014A1Z5,591349.92,0,0,90205.92
INV-2024-0354,06AAACC0005A1Z7,361208.62,27549.81,27549.81,0
INV-2024-0355,27AADCT1234E1Z1,856638.7,0,0,130673.7
INV-2024-0356,27AADCT1234E1Z1,1015515.08,77454.54,77454.54,0
INV-2024-0357,01AAACC0034A1Z6,886758.2,67634.1,67634.1,0
INV-2024-0358,05AAACC0032A1Z3,372946.08,28445.04,28445.04,0
INV-2024-0359,01AAACC0037A1Z0,35823.62,2732.31,2732.31,0
INV-2024-0360,02AAACC0026A1Z3,312015.6,23797.8,23797.8,0
INV-2024-0361,05AAACC0043A1Z3,184432.82,0,0,28133.82
INV-2024-0362,01AAACC0034A1Z6,49025.46,0,0,7478.46
INV-2024-0363,06AAACC0036A1Z4,859824.7,65579.85,65579.85,0
INV-2024-0364,01AAACC0023A1Z7,978169.26,0,0,149212.26
INV-2024-0365,03AAACC0039A1Z5,826495.6,0,0,126075.6
INV-2024-0366,27AADCT1234E1Z1,529199.32,40362.66,40362.66,0
INV-2024-0367,06AAACC0036A1Z4,563536.14,42981.57,42981.57,0
INV-2024-0368,04AAACC0017A1Z7,1044792.06,79687.53,79687.53,0
INV-2024-0369,01AAACC0019A1Z1,985039.22,0,0,150260.22
INV-2024-0370,03AAACC0008A1Z8,213184.7,16259.85,16259.85,0
INV-2024-0371,04AAACC0030A1Z2,171137.76,0,0,26105.76
INV-2024-0372,01AAACC0023A1Z7,248870.26,18981.63,18981.63,0
INV-2024-0373,01AAACC0041A1Z2,573031.6,0,0,87411.6
INV-2024-0374,02AAACC0006A1Z2,313839.88,0,0,47873.88
INV-2024-0375,04AAACC0030A1Z2,981565.3,0,0,149730.3
INV-2024-0376,08AAACC0024A1Z4,358204.34,27320.67,27320.67,0
INV-2024-0377,04AAACC0017A1Z7,708074.34,0,0,108011.34
INV-2024-0378,07AAACC0004A1Z3,88120.04,6721.02,6721.02,0
INV-2024-0379,09AAACC0031A1Z6,205277.52,0,0,31313.52
INV-2024-0380,01AAACC0034A1Z6,943092.58,71930.79,71930.79,0
INV-2024-0381,03AAACC0035A1Z6,555657.28,0,0,84761.28
INV-2024-0382,03AAACC0039A1Z5,610364.44,0,0,93106.44
INV-2024-0383,08AAACC0024A1Z4,662112.16,50500.08,50500.08,0
INV-2024-0384,03AAACC0040A1Z7,1069314.82,0,0,163115.82
INV-2024-0385,03AAACC0040A1Z7,378624.24,0,0,57756.24
INV-2024-0386,02AAACC0006A1Z2,639471.5,48773.25,48773.25,0
INV-2024-0387,03AAACC0008A1Z8,365253.66,0,0,55716.66
INV-2024-0388,04AAACC0017A1Z7,645301.88,49217.94,49217.94,0
INV-2024-0389,09AAACC0011A1Z6,238393.04,0,0,36365.04
INV-2024-0390,05AAACC0043A1Z3,170741.28,0,0,26045.28
INV-2024-0391,09AAACC0011A1Z6,182935.4,0,0,27905.4
INV-2024-0392,09AAACC0018A1Z2,1008891.74,76949.37,76949.37,0
INV-2024-0393,01AAACC0010A1Z0,761336,58068,58068,0
INV-2024-0394,09AAACC0022A1Z0,367332.82,0,0,56033.82
INV-2024-0395,02AAACC0009A1Z6,261163.5,19919.25,19919.25,0
INV-2024-0396,03AAACC0035A1Z6,423986.98,0,0,64675.98
INV-2024-0397,03AAACC0001A1Z3,271626.56,0,0,41434.56
INV-2024-0398,03AAACC0028A1Z7,691273.5,0,0,105448.5
INV-2024-0399,33EEEE3333A1Z4,498066.2,0,0,75976.2
INV-2024-0400,02AAACC0015A1Z7,151061.24,11521.62,11521.62,0
INV-2024-0401,03AAACC0035A1Z6,236736.32,18056.16,18056.16,0
INV-2024-0402,03AAACC0008A1Z8,336689.4,0,0,51359.4
INV-2024-0403,05AAACC0021A1Z8,831226.22,63398.61,63398.61,0
INV-2024-0404,01AAACC0034A1Z6,587715.52,44825.76,44825.76,0
INV-2024-0405,08AAACC0027A1Z8,85295.12,0,0,13011.12
INV-2024-0406,07AAACC0004A1Z3,651381.24,49681.62,49681.62,0
INV-2024-0407,08AAACC0016A1Z7,723166.54,55156.77,55156.77,0
INV-2024-0408,05AAACC0043A1Z3,108871.52,0,0,16607.52
INV-2024-0409,03AAACC0040A1Z7,388792.3,0,0,59307.3
INV-2024-0410,01AAACC0010A1Z0,711272.14,0,0,108499.14
INV-2024-0411,14FFFF4444A1Z6,682167.44,52029.72,52029.72,0
INV-2024-0413,01AAACC0034A1Z6,48246.66,3679.83,3679.83,0
INV-2024-0414,03AAACC0014A1Z5,214743.48,0,0,32757.48
INV-2024-0415,08AAACC0025A1Z3,129253.66,0,0,19716.66
INV-2024-0416,04AAACC0030A1Z2,604696.9,0,0,92241.9
INV-2024-0417,08AAACC0024A1Z4,704882.44,53762.22,53762.22,0
INV-2024-0418,02AAACC0033A1Z5,679055.78,0,0,103584.78
INV-2024-0419,06AAACC0005A1Z7,215691.02,16451.01,16451.01,0
INV-2024-0420,03AAACC0014A1Z5,146285.78,11157.39,11157.39,0
INV-2024-0421,01AAACC0012A1Z4,531464.92,0,0,81070.92
INV-2024-0422,08AAACC0016A1Z7,818936.52,62461.26,62461.26,0
INV-2024-0423,22BBBB0000A1Z5,538868.24,41100.12,41100.12,0
INV-2024-0424,03AAACC0039A1Z5,869481.82,0,0,132632.82
INV-2024-0425,04AAACC0038A1Z2,789225.3,0,0,120390.3
INV-2024-0426,22BBBB0000A1Z5,715508.34,54572.67,54572.67,0
INV-2024-0427,01AAACC0013A1Z8,143138.72,0,0,21834.72
INV-2024-0428,09AAACC0022A1Z0,47624.8,0,0,7264.8
INV-2024-0429,09AAACC0018A1Z2,234967.5,0,0,35842.5
INV-2024-0430,08AAACC0025A1Z3,805905.78,61467.39,61467.39,0
INV-2024-0431,03AAACC0001A1Z3,503353.78,0,0,76782.78
INV-2024-0432,02AAACC0015A1Z7,580467.61,0,0,88545.91
INV-2024-0433,04AAACC0017A1Z7,931168.68,0,0,142042.68
INV-2024-0434,09AAACC0011A1Z6,880121.88,0,0,134255.88
INV-2024-0435,09AAACC0018A1Z2,406584.34,0,0,62021.34
INV-2024-0436,01AAACC0041A1Z2,902469.9,68832.45,68832.45,0
INV-2024-0437,02AAACC0042A1Z5,60051.38,4580.19,4580.19,0
INV-2024-0438,08AAACC0002A1Z5,533972.42,0,0,81453.42
INV-2024-0439,22BBBB0000A1Z5,236545.16,0,0,36083.16
INV-2024-0440,03AAACC0014A1Z5,41947.82,0,0,6398.82
INV-2024-0441,05AAACC0020A1Z0,286535.86,21854.43,21854.43,0
INV-2024-0442,02AAACC0026A1Z3,163709.66,12486.33,12486.33,0
INV-2024-0443,14FFFF4444A1Z6,1032170.78,78724.89,78724.89,0
INV-2024-0444,14FFFF4444A1Z6,771931.22,0,0,117752.22
INV-2024-0445,01AAACC0029A1Z1,620304.76,0,0,94622.76
INV-2024-0446,06AAACC0036A1Z4,381477.48,0,0,58191.48
INV-2024-0447,05AAACC0032A1Z3,340019.36,0,0,51867.36
INV-2024-0448,08AAACC0003A1Z5,326588.6,0,0,49818.6
INV-2024-0449,01AAACC0041A1Z2,651885.1,0,0,99440.1
INV-2024-0450,08AAACC0027A1Z8,706574.56,53891.28,53891.28,0
INV-2024-0451,21CCCC1111A1Z2,775403.96,0,0,118281.96
INV-2024-0452,03AAACC0040A1Z7,653758.94,49862.97,49862.97,0
INV-2024-0453,01AAACC0019A1Z1,515782.72,0,0,78678.72
INV-2024-0454,08AAACC0016A1Z7,551957.98,42098.49,42098.49,0
INV-2024-0455,01AAACC0037A1Z0,92515.54,0,0,14112.54
INV-2024-0456,09AAACC0031A1Z6,765389.3,58377.15,58377.15,0
INV-2024-0457,08AAACC0016A1Z7,434245.9,0,0,66240.9
INV-2024-0458,09AAACC0018A1Z2,283815.96,0,0,43293.96
INV-2024-0459,03AAACC0040A1Z7,1058839.96,0,0,161517.96
INV-2024-0460,03AAACC0035A1Z6,918110.8,70025.4,70025.4,0
INV-2024-0461,01AAACC0041A1Z2,601274.9,0,0,91719.9
INV-2024-0462,01AAACC0041A1Z2,697175.86,53174.43,53174.43,0
INV-2024-0463,09GGGG5555A1Z7,334085.14,0,0,50962.14
INV-2024-0464,02AAACC0015A1Z7,943400.56,0,0,143908.56
INV-2024-0465,33EEEE3333A1Z4,265266.36,0,0,40464.36
INV-2024-0466,01AAACC0029A1Z1,981742.3,0,0,149757.3
INV-2024-0467,05AAACC0043A1Z3,787908.42,0,0,120189.42
INV-2024-0468,22BBBB0000A1Z5,651671.52,0,0,99407.52
INV-2024-0469,01AAACC0010A1Z0,376067.18,0,0,57366.18
INV-2024-0470,03AAACC0028A1Z7,446156.82,0,0,68057.82
INV-2024-0471,08AAACC0003A1Z5,201332.78,15355.89,15355.89,0
INV-2024-0473,03AAACC0028A1Z7,706745.66,0,0,107808.66
INV-2024-0474,08AAACC0003A1Z5,737291.14,56234.07,56234.07,0
INV-2024-0475,02AAACC0015A1Z7,605088.66,46150.83,46150.83,0
INV-2024-0476,02AAACC0015A1Z7,799270.64,60961.32,60961.32,0
INV-2024-0477,09GGGG5555A1Z7,708502.68,0,0,108076.68
INV-2024-0478,09AAACC0018A1Z2,256455.3,19560.15,19560.15,0
INV-2024-0479,09AAACC0011A1Z6,256760.92,0,0,39166.92
INV-2024-0480,05AAACC0020A1Z0,133993.72,10219.86,10219.86,0
INV-2024-0481,05AAACC0032A1Z3,1013704.96,0,0,154632.96
INV-2024-0482,04AAACC0017A1Z7,189360.5,0,0,28885.5
INV-2024-0483,07AAACC0004A1Z3,441501.72,33673.86,33673.86,0
INV-2024-0484,01AAACC0010A1Z0,1060204.04,0,0,161726.04
INV-2024-0485,08AAACC0002A1Z5,839650.24,0,0,128082.24
INV-2024-0486,05AAACC0043A1Z3,682578.08,0,0,104122.08
INV-2024-0487,22BBBB0000A1Z5,911349.4,0,0,139019.4
INV-2024-0488,01AAACC0037A1Z0,242797.98,0,0,37036.98
INV-2024-0489,01AAACC0013A1Z8,337877.66,25770.33,25770.33,0
INV-2024-0490,01AAACC0012A1Z4,390997.72,0,0,59643.72
INV-2024-0491,03AAACC0014A1Z5,831712.38,0,0,126871.38
INV-2024-0492,08AAACC0025A1Z3,291753.82,0,0,44504.82
INV-2024-0493,01AAACC0041A1Z2,401276.7,30605.85,30605.85,0
INV-2024-0494,03AAACC0008A1Z8,673744.6,51387.3,51387.3,0
INV-2024-0495,01AAACC0029A1Z1,1031140.64,0,0,157292.64
INV-2024-0496,01AAACC0019A1Z1,300199.08,0,0,45793.08
INV-2024-0497,21CCCC1111A1Z2,941963.32,71844.66,71844.66,0
INV-2024-0498,02AAACC0009A1Z6,734341.14,56009.07,56009.07,0
INV-2024-0499,07AAACC0004A1Z3,606655.7,0,0,92540.7
INV-2024-0500,02AAACC0042A1Z5,1015430.12,0,0,154896.12
INV-2024-0501,01AAACC0012A1Z4,939021.58,0,0,143240.58
INV-2024-0502,05AAACC0020A1Z0,908139.8,0,0,138529.8
INV-2024-0503,02AAACC0026A1Z3,761567.28,58085.64,58085.64,0
INV-2024-0504,03AAACC0035A1Z6,655321.26,49982.13,49982.13,0
INV-2024-0506,01AAACC0023A1Z7,46986.42,3583.71,3583.71,0
INV-2024-0507,01AAACC0037A1Z0,1133381.33,0,0,172888.68
INV-2024-0508,08AAACC0016A1Z7,419506.52,31996.26,31996.26,0
INV-2024-0509,09AAACC0031A1Z6,461476.76,35197.38,35197.38,0
INV-2024-0510,01AAACC0010A1Z0,55897.78,0,0,8526.78
INV-2024-0511,03AAACC0040A1Z7,1064493.34,81190.17,81190.17,0
INV-2024-0512,04AAACC0038A1Z2,787088.32,0,0,120064.32
INV-2024-0513,06AAACC0036A1Z4,486799.56,37128.78,37128.78,0
INV-2024-0514,02AAACC0009A1Z6,487614.94,37190.97,37190.97,0
INV-2024-0515,08AAACC0016A1Z7,1020945.44,0,0,155737.44
INV-2024-0516,05AAACC0021A1Z8,93800.56,0,0,14308.56
INV-2024-0517,09AAACC0018A1Z2,225299.76,17183.88,17183.88,0
INV-2024-0518,01AAACC0013A1Z8,389193.5,0,0,59368.5
INV-2024-0519,05AAACC0021A1Z8,882788.68,0,0,134662.68
INV-2024-0520,08AAACC0016A1Z7,825863.12,0,0,125979.12
INV-2024-0521,01AAACC0034A1Z6,312704.72,23850.36,23850.36,0
INV-2024-0522,03AAACC0035A1Z6,795302.3,60658.65,60658.65,0
INV-2024-0523,27AADCT1234E1Z1,834560.9,63652.95,63652.95,0
INV-2024-0524,04AAACC0017A1Z7,103049.4,0,0,15719.4
INV-2024-0525,08AAACC0024A1Z4,335786.7,25610.85,25610.85,0
INV-2024-0526,03AAACC0014A1Z5,643759.62,0,0,98200.62
INV-2024-0527,03AAACC0039A1Z5,89737.82,6844.41,6844.41,0
INV-2024-0528,09GGGG5555A1Z7,872834.2,66572.1,66572.1,0
INV-2024-0529,08AAACC0016A1Z7,452247.98,0,0,68986.98
INV-2024-0530,03AAACC0035A1Z6,972158.34,74147.67,74147.67,0
INV-2024-0531,01AAACC0007A1Z1,811288.94,61877.97,61877.97,0
INV-2024-0532,08AAACC0025A1Z3,95908.04,7315.02,7315.02,0
INV-2024-0533,04AAACC0017A1Z7,424794.1,0,0,64799.1
INV-2024-0534,07AAACC0004A1Z3,343734,0,0,52434
INV-2024-0535,03AAACC0014A1Z5,766151.58,0,0,116870.58
INV-2024-0536,02AAACC0042A1Z5,960563.66,73263.33,73263.33,0
INV-2024-0537,04AAACC0038A1Z2,234181.62,17861.31,17861.31,0
INV-2024-0538,03AAACC0028A1Z7,992772.94,0,0,151439.94
INV-2024-0539,01AAACC0013A1Z8,887254.98,67671.99,67671.99,0
INV-2024-0540,05AAACC0032A1Z3,1020531.26,0,0,155674.26
INV-2024-0541,02AAACC0042A1Z5,323661.02,24686.01,24686.01,0
INV-2024-0542,01AAACC0029A1Z1,554028.88,0,0,84512.88
INV-2024-0543,08AAACC0024A1Z4,203122.84,15492.42,15492.42,0
INV-2024-0544,03AAACC0040A1Z7,175771.62,13406.31,13406.31,0
INV-2024-0545,24DDDD2222A1Z3,963034.58,73451.79,73451.79,0
INV-2024-0546,03AAACC0001A1Z3,784936,0,0,119736
INV-2024-0547,03AAACC0040A1Z7,1009862.88,0,0,154046.88
INV-2024-0548,33EEEE3333A1Z4,336040.4,25630.2,25630.2,0
INV-2024-0549,09AAACC0022A1Z0,711190.72,0,0,108486.72
INV-2024-0550,03AAACC0028A1Z7,452874.56,34541.28,34541.28,0
INV-2024-0551,02AAACC0015A1Z7,1070429.92,81642.96,81642.96,0
INV-2024-0552,04AAACC0030A1Z2,536811.5,0,0,81886.5
INV-2024-0553,01AAACC0007A1Z1,463407.24,35344.62,35344.62,0
INV-2024-0554,06AAACC0005A1Z7,217743.04,16607.52,16607.52,0
INV-2024-0555,03AAACC0039A1Z5,620751.98,47345.49,47345.49,0
INV-2024-0556,01AAACC0010A1Z0,871524.4,0,0,132944.4
INV-2024-0557,03AAACC0008A1Z8,455092.96,34710.48,34710.48,0
INV-2024-0558,01AAACC0023A1Z7,522637.34,39862.17,39862.17,0
INV-2024-0559,04AAACC0017A1Z7,1057215.1,80635.05,80635.05,0
INV-2024-0560,04AAACC0038A1Z2,588960.42,44920.71,44920.71,0
INV-2024-0561,22BBBB0000A1Z5,835359.76,63713.88,63713.88,0
INV-2024-0562,09AAACC0022A1Z0,593366.54,0,0,90513.54
INV-2024-0563,01AAACC0037A1Z0,948917.06,72375.03,72375.03,0
INV-2024-0564,09GGGG5555A1Z7,993961.2,0,0,151621.2
INV-2024-0565,05AAACC0020A1Z0,393193.7,0,0,59978.7
INV-2024-0566,21CCCC1111A1Z2,451674.5,34449.75,34449.75,0
INV-2024-0567,02AAACC0033A1Z5,336357.82,25654.41,25654.41,0
INV-2024-0568,01AAACC0023A1Z7,421108.96,32118.48,32118.48,0
INV-2024-0569,01AAACC0013A1Z8,922725.78,0,0,140754.78
INV-2024-0570,03AAACC0035A1Z6,770853.88,0,0,117587.88
INV-2024-0571,06AAACC0036A1Z4,540279.52,41207.76,41207.76,0
INV-2024-0572,21CCCC1111A1Z2,161841.72,12343.86,12343.86,0
INV-2024-0573,02AAACC0026A1Z3,545620.2,41615.1,41615.1,0
INV-2024-0575,02AAACC0033A1Z5,816472.68,62273.34,62273.34,0
INV-2024-0576,03AAACC0001A1Z3,155151.12,11833.56,11833.56,0
INV-2024-0577,09AAACC0018A1Z2,545807.82,41629.41,41629.41,0
INV-2024-0578,01AAACC0034A1Z6,929727.9,70911.45,70911.45,0
INV-2024-0579,09AAACC0022A1Z0,973614.46,74258.73,74258.73,0
INV-2024-0580,04AAACC0030A1Z2,200688.5,0,0,30613.5
INV-2024-0581,05AAACC0043A1Z3,658491.92,0,0,100447.92
INV-2024-0582,08AAACC0002A1Z5,1064924.04,81223.02,81223.02,0
INV-2024-0583,14FFFF4444A1Z6,120026.06,0,0,18309.06
INV-2024-0584,07AAACC0004A1Z3,332257.32,0,0,50683.32
INV-2024-0585,27AADCT1234E1Z1,86018.46,0,0,13121.46
INV-2024-0586,09AAACC0018A1Z2,833292.4,63556.2,63556.2,0
INV-2024-0587,08AAACC0016A1Z7,194045.1,14800.05,14800.05,0
INV-2024-0588,05AAACC0020A1Z0,1058812.82,80756.91,80756.91,0
INV-2024-0589,03AAACC0001A1Z3,451158.84,0,0,68820.84
INV-2024-0590,02AAACC0026A1Z3,474443.78,36186.39,36186.39,0
INV-2024-0591,06AAACC0036A1Z4,835436.46,63719.73,63719.73,0
INV-2024-0592,24DDDD2222A1Z3,827929.3,63147.15,63147.15,0
INV-2024-0593,02AAACC0033A1Z5,172025.12,13120.56,13120.56,0
INV-2024-0594,02AAACC0015A1Z7,359004.38,0,0,54763.38
INV-2024-0595,09AAACC0011A1Z6,1015703.88,0,0,154937.88
INV-2024-0596,04AAACC0017A1Z7,680168.52,51877.26,51877.26,0
INV-2024-0597,09AAACC0018A1Z2,845602.16,0,0,128990.16
INV-2024-0598,01AAACC0019A1Z1,656760.86,0,0,100183.86
INV-2024-0599,03AAACC0008A1Z8,707909.14,0,0,107986.14
INV-2024-0600,03AAACC0028A1Z7,424081.38,0,0,64690.38
INV-2024-0601,08AAACC0027A1Z8,422097.8,0,0,64387.8
INV-2024-0602,08AAACC0025A1Z3,492930.84,0,0,75192.84
INV-2024-0603,01AAACC0029A1Z1,932647.22,71134.11,71134.11,0
INV-2024-0604,09AAACC0022A1Z0,311859.84,0,0,47571.84
INV-2024-0605,01AAACC0034A1Z6,1064571.22,0,0,162392.22
INV-2024-0606,08AAACC0002A1Z5,336492.34,0,0,51329.34
INV-2024-0607,02AAACC0033A1Z5,533924.04,40723.02,40723.02,0
INV-2024-0608,01AAACC0013A1Z8,258640.66,0,0,39453.66
INV-2024-0609,08AAACC0003A1Z5,529607.6,0,0,80787.6
INV-2024-0610,01AAACC0037A1Z0,638449.62,48695.31,48695.31,0
INV-2024-0611,09AAACC0022A1Z0,592515.76,0,0,90383.76
INV-2024-0612,01AAACC0034A1Z6,138115.46,0,0,21068.46
INV-2024-0613,03AAACC0039A1Z5,934008.94,71237.97,71237.97,0
INV-2024-0614,09GGGG5555A1Z7,249173.52,0,0,38009.52
INV-2024-0615,08AAACC0003A1Z5,706920.3,53917.65,53917.65,0
INV-2024-0616,14FFFF4444A1Z6,112357.24,0,0,17139.24
INV-2024-0617,01AAACC0023A1Z7,195597.98,0,0,29836.98
INV-2024-0618,21CCCC1111A1Z2,40584.92,0,0,6190.92
INV-2024-0619,08AAACC0024A1Z4,209852.38,0,0,32011.38
INV-2024-0620,01AAACC0034A1Z6,1046278.86,79800.93,79800.93,0
INV-2024-0621,02AAACC0006A1Z2,1031192.56,78650.28,78650.28,0
INV-2024-0622,09AAACC0031A1Z6,253154.84,19308.42,19308.42,0
INV-2024-0623,03AAACC0040A1Z7,66651.12,0,0,10167.12
INV-2024-0624,07AAACC0004A1Z3,574306,0,0,87606
INV-2024-0625,09AAACC0031A1Z6,116136.78,8857.89,8857.89,0
INV-2024-0626,33EEEE3333A1Z4,784423.88,0,0,119657.88
INV-2024-0627,01AAACC0010A1Z0,978879.62,74660.31,74660.31,0
INV-2024-0628,08AAACC0003A1Z5,976066.5,74445.75,74445.75,0
INV-2024-0629,21CCCC1111A1Z2,434098.4,0,0,66218.4
INV-2024-0630,03AAACC0014A1Z5,103899,7924.5,7924.5,0
INV-2024-0631,09AAACC0031A1Z6,807927.12,61621.56,61621.56,0
INV-2024-0632,01AAACC0007A1Z1,90515.44,6903.72,6903.72,0
INV-2024-0633,06AAACC0005A1Z7,928794.52,0,0,141680.52
INV-2024-0634,02AAACC0006A1Z2,752876.58,57422.79,57422.79,0
INV-2024-0635,02AAACC0033A1Z5,766957.52,58496.76,58496.76,0
INV-2024-0636,03AAACC0001A1Z3,198774.54,15160.77,15160.77,0
INV-2024-0637,27AADCT1234E1Z1,199474.28,15214.14,15214.14,0
INV-2024-0638,09AAACC0022A1Z0,141253.08,0,0,21547.08
INV-2024-0639,01AAACC0037A1Z0,925446.86,70584.93,70584.93,0
INV-2024-0640,06AAACC0036A1Z4,220768.56,0,0,33676.56
INV-2024-0641,09GGGG5555A1Z7,628024.32,0,0,95800.32
INV-2024-0642,09AAACC0022A1Z0,145655.66,0,0,22218.66
INV-2024-0643,02AAACC0042A1Z5,924047.38,0,0,140956.38
INV-2024-0644,14FFFF4444A1Z6,213216.56,0,0,32524.56
INV-2024-0645,04AAACC0038A1Z2,121215.5,0,0,18490.5
INV-2024-0646,08AAACC0027A1Z8,794633.24,60607.62,60607.62,0
INV-2024-0647,04AAACC0017A1Z7,297637.3,22701.15,22701.15,0
INV-2024-0648,09GGGG5555A1Z7,276616.78,21097.89,21097.89,0
INV-2024-0649,33EEEE3333A1Z4,371953.7,28369.35,28369.35,0
INV-2024-0650,03AAACC0035A1Z6,1113250.23,0,0,169817.83
INV-2024-0651,02AAACC0009A1Z6,1017865.64,0,0,155267.64
INV-2024-0652,05AAACC0021A1Z8,500559.54,0,0,76356.54
INV-2024-0653,05AAACC0043A1Z3,835222.88,0,0,127406.88
INV-2024-0654,02AAACC0033A1Z5,507567.56,38712.78,38712.78,0
INV-2024-0655,01AAACC0034A1Z6,464224.98,35406.99,35406.99,0
INV-2024-0656,27AADCT1234E1Z1,110013.76,0,0,16781.76
INV-2024-0657,08AAACC0024A1Z4,479751.42,36591.21,36591.21,0
INV-2024-0658,14FFFF4444A1Z6,773269.34,58978.17,58978.17,0
INV-2024-0659,09AAACC0022A1Z0,829679.24,0,0,126561.24
INV-2024-0660,03AAACC0014A1Z5,532582.38,40620.69,40620.69,0
INV-2024-0661,09GGGG5555A1Z7,48164.06,0,0,7347.06
INV-2024-0662,08AAACC0003A1Z5,197265.32,15045.66,15045.66,0
INV-2024-0663,02AAACC0042A1Z5,449013.6,0,0,68493.6
INV-2024-0664,09AAACC0022A1Z0,626126.88,47755.44,47755.44,0
INV-2024-0665,03AAACC0040A1Z7,41787.34,0,0,6374.34
INV-2024-0666,03AAACC0028A1Z7,133786.04,0,0,20408.04
INV-2024-0667,09AAACC0022A1Z0,881841.14,67259.07,67259.07,0
INV-2024-0668,08AAACC0016A1Z7,163206.98,12447.99,12447.99,0
INV-2024-0669,01AAACC0029A1Z1,249334,0,0,38034
INV-2024-0670,09AAACC0031A1Z6,169853.92,12954.96,12954.96,0
INV-2024-0671,04AAACC0030A1Z2,513537.18,39168.09,39168.09,0
INV-2024-0672,08AAACC0016A1Z7,372266.4,0,0,56786.4
INV-2024-0673,08AAACC0027A1Z8,224869.06,0,0,34302.06
INV-2024-0674,02AAACC0009A1Z6,77059.9,5877.45,5877.45,0
INV-2024-0675,09GGGG5555A1Z7,107947.58,0,0,16466.58
INV-2024-0676,06AAACC0036A1Z4,947517.58,72268.29,72268.29,0
INV-2024-0677,24DDDD2222A1Z3,303230.5,0,0,46255.5
INV-2024-0678,27AADCT1234E1Z1,519794.72,0,0,79290.72
INV-2024-0679,03AAACC0039A1Z5,114026.94,8696.97,8696.97,0
INV-2024-0680,27AADCT1234E1Z1,680896.58,51932.79,51932.79,0
INV-2024-0681,01AAACC0029A1Z1,113621.02,8666.01,8666.01,0
INV-2024-0682,03AAACC0039A1Z5,880826.34,0,0,134363.34
INV-2024-0683,09AAACC0018A1Z2,845133.7,0,0,128918.7
INV-2024-0684,06AAACC0036A1Z4,411928.56,0,0,62836.56
INV-2024-0685,08AAACC0016A1Z7,1070808.7,81671.85,81671.85,0
INV-2024-0686,01AAACC0034A1Z6,642135.94,48976.47,48976.47,0
INV-2024-0687,05AAACC0021A1Z8,238625.5,0,0,36400.5
INV-2024-0688,06AAACC0005A1Z7,437161.68,0,0,66685.68
INV-2024-0689,08AAACC0016A1Z7,887889.82,0,0,135440.82
INV-2024-0690,01AAACC0013A1Z8,265589.68,20256.84,20256.84,0
INV-2024-0691,24DDDD2222A1Z3,662641.98,50540.49,50540.49,0
INV-2024-0692,03AAACC0028A1Z7,968835.46,73894.23,73894.23,0
INV-2024-0693,02AAACC0015A1Z7,135160.74,10308.87,10308.87,0
INV-2024-0694,03AAACC0008A1Z8,381296.94,0,0,58163.94
INV-2024-0695,09GGGG5555A1Z7,423972.94,0,0,64673.84
INV-2024-0696,02AAACC0026A1Z3,356750.58,0,0,54419.58
INV-2024-0697,08AAACC0027A1Z8,804236.08,0,0,122680.08
INV-2024-0698,02AAACC0009A1Z6,140831.82,10741.41,10741.41,0
INV-2024-0699,02AAACC0006A1Z2,733728.72,55962.36,55962.36,0
INV-2024-0700,01AAACC0010A1Z0,104759.22,7990.11,7990.11,0
INV-2024-0701,08AAACC0003A1Z5,153297.34,0,0,23384.34
INV-2024-0702,07AAACC0004A1Z3,760035.64,57968.82,57968.82,0
INV-2024-0703,03AAACC0008A1Z8,784604.42,0,0,119685.42
INV-2024-0704,05AAACC0043A1Z3,442016.2,33713.1,33713.1,0
INV-2024-0705,02AAACC0015A1Z7,193551.86,14762.43,14762.43,0
INV-2024-0706,09GGGG5555A1Z7,430537.16,32837.58,32837.58,0
INV-2024-0707,03AAACC0035A1Z6,363350.32,27713.16,27713.16,0
INV-2024-0708,22BBBB0000A1Z5,297621.96,0,0,45399.96
INV-2024-0709,03AAACC0040A1Z7,590343.38,0,0,90052.38
INV-2024-0710,24DDDD2222A1Z3,421309.56,32133.78,32133.78,0
INV-2024-0711,03AAACC0035A1Z6,285005.4,21737.7,21737.7,0
INV-2024-0712,09AAACC0011A1Z6,706617.04,0,0,107789.04
INV-2024-0713,08AAACC0027A1Z8,188116.78,14347.89,14347.89,0
INV-2024-0714,01AAACC0041A1Z2,44487.18,0,0,6786.18
INV-2024-0715,06AAACC0005A1Z7,479612.18,36580.59,36580.59,0
INV-2024-0716,01AAACC0010A1Z0,530837.16,0,0,80975.16
INV-2024-0717,02AAACC0015A1Z7,611339.12,0,0,93255.12
INV-2024-0718,14FFFF4444A1Z6,234303.16,17870.58,17870.58,0
INV-2024-0719,02AAACC0026A1Z3,192351.8,0,0,29341.8
INV-2024-0720,08AAACC0027A1Z8,945131.62,0,0,144172.62
INV-2024-0721,03AAACC0014A1Z5,963288.28,0,0,146942.28
INV-2024-0722,06AAACC0036A1Z4,625499.12,0,0,95415.12
INV-2024-0723,09AAACC0011A1Z6,840858.56,0,0,128266.56
INV-2024-0724,08AAACC0003A1Z5,561969.1,0,0,85724.1
INV-2024-0725,03AAACC0014A1Z5,194753.1,14854.05,14854.05,0
INV-2024-0726,05AAACC0020A1Z0,1047929.68,0,0,159853.68
INV-2024-0727,01AAACC0010A1Z0,799960.94,0,0,122027.94
INV-2024-0728,02AAACC0026A1Z3,408878.26,31185.63,31185.63,0
INV-2024-0729,03AAACC0035A1Z6,893584.5,0,0,136309.5
INV-2024-0730,01AAACC0019A1Z1,779706.24,0,0,118938.24
INV-2024-0731,05AAACC0021A1Z8,458595.2,34977.6,34977.6,0
INV-2024-0732,02AAACC0006A1Z2,192422.6,14676.3,14676.3,0
INV-2024-0733,07AAACC0004A1Z3,662732.84,50547.42,50547.42,0
INV-2024-0734,01AAACC0019A1Z1,923456.2,70433.1,70433.1,0
INV-2024-0735,01AAACC0029A1Z1,69797,0,0,10647
INV-2024-0736,21CCCC1111A1Z2,846051.5,64529.35,64529.35,0
INV-2024-0737,03AAACC0008A1Z8,451728.78,34453.89,34453.89,0
INV-2024-0738,05AAACC0043A1Z3,326620.46,24911.73,24911.73,0
INV-2024-0739,01AAACC0029A1Z1,796691.16,60764.58,60764.58,0
INV-2024-0740,04AAACC0030A1Z2,564366.86,0,0,86089.86
INV-2024-0741,09AAACC0031A1Z6,963520.74,0,0,146977.74
INV-2024-0742,01AAACC0019A1Z1,182864.6,13947.3,13947.3,0
INV-2024-0743,01AAACC0019A1Z1,613650.74,0,0,93607.74
INV-2024-0744,06AAACC0036A1Z4,119611.88,0,0,18245.88
INV-2024-0745,05AAACC0032A1Z3,876121.68,66822.84,66822.84,0
INV-2024-0746,08AAACC0002A1Z5,512515.3,39090.15,39090.15,0
INV-2024-0747,09AAACC0031A1Z6,412695.56,31476.78,31476.78,0
INV-2024-0748,06AAACC0005A1Z7,256614.6,19572.3,19572.3,0
INV-2024-0749,04AAACC0038A1Z2,40792.6,0,0,6222.6
INV-2024-0750,04AAACC0038A1Z2,199019.98,15179.49,15179.49,0
INV-2024-0751,08AAACC0002A1Z5,292343.82,0,0,44594.82
INV-2024-0752,02AAACC0006A1Z2,695355.12,53035.56,53035.56,0
INV-2024-0753,05AAACC0021A1Z8,808691.76,61679.88,61679.88,0
INV-2024-0754,09AAACC0022A1Z0,874442.54,66694.77,66694.77,0
INV-2024-0755,02AAACC0009A1Z6,1032030.36,78714.18,78714.18,0
INV-2024-0756,09GGGG5555A1Z7,222612.9,0,0,33957.9
INV-2024-0757,01AAACC0029A1Z1,540586.32,41231.16,41231.16,0
INV-2024-0758,01AAACC0013A1Z8,381975.44,29133.72,29133.72,0
INV-2024-0759,01AAACC0029A1Z1,667520.1,50912.55,50912.55,0
INV-2024-0760,01AAACC0034A1Z6,730893.18,55746.09,55746.09,0
INV-2024-0761,01AAACC0034A1Z6,40299.36,3073.68,3073.68,0
INV-2024-0762,08AAACC0003A1Z5,799487.76,60977.88,60977.88,0
INV-2024-0763,01AAACC0023A1Z7,123562.52,0,0,18848.52
INV-2024-0764,02AAACC0026A1Z3,577145.08,44019.54,44019.54,0
INV-2024-0765,04AAACC0017A1Z7,314846.42,24013.71,24013.71,0
INV-2024-0766,33EEEE3333A1Z4,173220.46,0,0,26423.46
INV-2024-0767,21CCCC1111A1Z2,151812.9,11578.95,11578.95,0
INV-2024-0768,01AAACC0010A1Z0,727130.16,0,0,110918.16
INV-2024-0769,08AAACC0016A1Z7,264985.52,0,0,40421.52
INV-2024-0770,01AAACC0037A1Z0,608799.76,0,0,92867.76
INV-2024-0771,24DDDD2222A1Z3,420400.96,0,0,64128.96
INV-2024-0772,02AAACC0042A1Z5,332619.58,25369.29,25369.29,0
INV-2024-0773,03AAACC0001A1Z3,623799.92,0,0,95155.92
INV-2024-0774,01AAACC0010A1Z0,32584.52,0,0,4970.52
INV-2024-0775,02AAACC0026A1Z3,123527.12,9421.56,9421.56,0
INV-2024-0776,02AAACC0009A1Z6,814072.56,62090.28,62090.28,0
INV-2024-0777,09AAACC0022A1Z0,1070191.56,81624.78,81624.78,0
INV-2024-0778,22BBBB0000A1Z5,23152.78,1765.89,1765.89,0
INV-2024-0779,02AAACC0006A1Z2,720175.24,0,0,109857.24
INV-2024-0780,33EEEE3333A1Z4,337062.28,25708.14,25708.14,0
INV-2024-0781,05AAACC0021A1Z8,184649.94,14083.47,14083.47,0
INV-2024-0782,03AAACC0035A1Z6,865590.18,0,0,132039.18
INV-2024-0783,03AAACC0035A1Z6,935132.3,0,0,142647.3
INV-2024-0784,03AAACC0040A1Z7,570461.56,0,0,87019.56
INV-2024-0785,01AAACC0007A1Z1,335981.4,0,0,51251.4
INV-2024-0786,03AAACC0001A1Z3,316126.72,0,0,48222.72
INV-2024-0787,01AAACC0023A1Z7,608810.38,0,0,92869.38
INV-2024-0788,08AAACC0016A1Z7,242937.22,18529.11,18529.11,0
INV-2024-0789,01AAACC0010A1Z0,119506.86,0,0,18229.86
INV-2024-0790,05AAACC0021A1Z8,230181.42,17556.21,17556.21,0
INV-2024-0791,05AAACC0032A1Z3,171108.26,13050.63,13050.63,0
INV-2024-0792,05AAACC0021A1Z8,762744.92,0,0,116350.92
INV-2024-0793,02AAACC0033A1Z5,649315.06,0,0,99048.06
INV-2024-0794,05AAACC0020A1Z0,314278.84,0,0,47940.84
INV-2024-0795,05AAACC0020A1Z0,541427.66,0,0,82590.66
INV-2024-0796,03AAACC0040A1Z7,982158.84,74910.42,74910.42,0
INV-2024-0797,05AAACC0021A1Z8,770653.28,58778.64,58778.64,0
INV-2024-0798,01AAACC0041A1Z2,77199.14,0,0,11776.14
INV-2024-0799,01AAACC0023A1Z7,537729.54,41013.27,41013.27,0
INV-2024-0800,03AAACC0008A1Z8,274281.56,0,0,41839.56
INV-2024-0801,05AAACC0032A1Z3,976198.66,74455.83,74455.83,0
INV-2024-0802,08AAACC0025A1Z3,893407.5,68141.25,68141.25,0
INV-2024-0803,01AAACC0041A1Z2,250928.18,0,0,38277.18
INV-2024-0804,07AAACC0004A1Z3,842458.64,0,0,128510.64
INV-2024-0805,03AAACC0028A1Z7,504651.78,38490.39,38490.39,0
INV-2024-0806,03AAACC0028A1Z7,109610.2,8360.1,8360.1,0
INV-2024-0807,01AAACC0013A1Z8,950974.98,0,0,145063.98
INV-2024-0808,04AAACC0038A1Z2,657449.98,0,0,100288.98
INV-2024-0809,01AAACC0029A1Z1,258257.16,19697.58,19697.58,0
INV-2024-0810,09AAACC0031A1Z6,273762.36,0,0,41760.36
INV-2024-0811,02AAACC0006A1Z2,481988.7,0,0,73523.7
INV-2024-0812,01AAACC0019A1Z1,1045275.86,79724.43,79724.43,0
INV-2024-0813,03AAACC0014A1Z5,353474.9,26959.95,26959.95,0
INV-2024-0814,03AAACC0028A1Z7,647567.48,49390.74,49390.74,0
INV-2024-0815,03AAACC0008A1Z8,574726.08,43835.04,43835.04,0
INV-2024-0816,01AAACC0012A1Z4,332317.5,25346.25,25346.25,0
INV-2024-0817,21CCCC1111A1Z2,703039.28,0,0,107243.28
INV-2024-0818,05AAACC0043A1Z3,527252.32,40214.16,40214.16,0
INV-2024-0819,24DDDD2222A1Z3,22513.22,0,0,3434.22
INV-2024-0820,22BBBB0000A1Z5,89547.84,6829.92,6829.92,0
INV-2024-0821,03AAACC0014A1Z5,846312.52,64549.26,64549.26,0
INV-2024-0822,08AAACC0003A1Z5,256131.98,19535.49,19535.49,0
INV-2024-0823,14FFFF4444A1Z6,951523.68,72573.84,72573.84,0
INV-2024-0824,01AAACC0013A1Z8,86663.92,6609.96,6609.96,0
INV-2024-0825,21CCCC1111A1Z2,872488.46,66545.73,66545.73,0
INV-2024-0826,02AAACC0042A1Z5,884523.28,0,0,134927.28
INV-2024-0827,01AAACC0010A1Z0,589841.88,0,0,89975.88
INV-2024-0828,05AAACC0043A1Z3,669731.42,51081.21,51081.21,0
INV-2024-0829,01AAACC0041A1Z2,538129.56,0,0,82087.56
INV-2024-0830,08AAACC0025A1Z3,953178.04,0,0,145400.04
INV-2024-0831,03AAACC0035A1Z6,904180.9,0,0,137925.9
INV-2024-0832,01AAACC0013A1Z8,153936.9,11740.95,11740.95,0
INV-2024-0833,02AAACC0015A1Z7,921133.96,0,0,140511.96
INV-2024-0834,05AAACC0020A1Z0,336648.1,0,0,51353.1
INV-2024-0835,01AAACC0010A1Z0,802211.2,61185.6,61185.6,0
INV-2024-0836,04AAACC0030A1Z2,502493.56,38325.78,38325.78,0
INV-2024-0837,08AAACC0024A1Z4,438233.12,33424.56,33424.56,0
INV-2024-0838,05AAACC0020A1Z0,279741.42,21336.21,21336.21,0
INV-2024-0839,08AAACC0003A1Z5,600543.3,45804.15,45804.15,0
INV-2024-0840,08AAACC0024A1Z4,856875.88,0,0,130709.88
INV-2024-0841,05AAACC0043A1Z3,656199.18,50049.09,50049.09,0
INV-2024-0842,02AAACC0033A1Z5,274398.38,20928.69,20928.69,0
INV-2024-0843,01AAACC0023A1Z7,1004100.94,76583.97,76583.97,0
INV-2024-0844,02AAACC0009A1Z6,522408.42,39844.71,39844.71,0
INV-2024-0845,01AAACC0034A1Z6,138923.76,10595.88,10595.88,0
INV-2024-0846,21CCCC1111A1Z2,515626.07,39327.41,39327.41,0
INV-2024-0847,01AAACC0023A1Z7,555100.32,0,0,84676.32
INV-2024-0848,33EEEE3333A1Z4,476191.36,0,0,72639.36
INV-2024-0849,02AAACC0033A1Z5,343572.34,26204.67,26204.67,0
INV-2024-0850,22BBBB0000A1Z5,228353.6,0,0,34833.6
INV-2024-0851,08AAACC0025A1Z3,408348.44,31145.22,31145.22,0
INV-2024-0852,27AADCT1234E1Z1,722746.46,0,0,110249.46
INV-2024-0853,04AAACC0038A1Z2,347402.62,0,0,52993.62
INV-2024-0854,08AAACC0027A1Z8,456289.48,34801.74,34801.74,0
INV-2024-0855,09GGGG5555A1Z7,252911.76,19289.88,19289.88,0
INV-2024-0856,24DDDD2222A1Z3,918473.06,0,0,140106.06
INV-2024-0857,05AAACC0021A1Z8,810421.64,61811.82,61811.82,0
INV-2024-0858,02AAACC0006A1Z2,306293.78,0,0,46722.78
INV-2024-0859,09AAACC0031A1Z6,120064.65,0,0,18314.95
INV-2024-0860,08AAACC0003A1Z5,38102.2,2906.1,2906.1,0
INV-2024-0861,03AAACC0028A1Z7,221706.66,16909.83,16909.83,0
INV-2024-0862,05AAACC0032A1Z3,947124.64,72238.32,72238.32,0
INV-2024-0863,06AAACC0036A1Z4,1061898.52,80992.26,80992.26,0
INV-2024-0864,04AAACC0030A1Z2,456776.82,0,0,69677.82
INV-2024-0865,01AAACC0012A1Z4,592867.4,45218.7,45218.7,0
INV-2024-0866,06AAACC0036A1Z4,676549.46,0,0,103202.46
INV-2024-0867,01AAACC0019A1Z1,877392.54,66919.77,66919.77,0
INV-2024-0868,01AAACC0037A1Z0,386856.27,0,0,59011.97
INV-2024-0869,09AAACC0011A1Z6,968509.78,73869.39,73869.39,0
INV-2024-0870,02AAACC0006A1Z2,701812.08,53528.04,53528.04,0
INV-2024-0871,03AAACC0040A1Z7,1063447.86,81110.43,81110.43,0
INV-2024-0872,09GGGG5555A1Z7,265020.92,0,0,40426.92
INV-2024-0873,08AAACC0024A1Z4,707483.16,0,0,107921.16
INV-2024-0874,02AAACC0026A1Z3,713551.9,54423.45,54423.45,0
INV-2024-0875,03AAACC0035A1Z6,519057.22,0,0,79178.22
INV-2024-0876,01AAACC0010A1Z0,294663.7,0,0,44948.7
INV-2024-0877,04AAACC0038A1Z2,406704.7,31019.85,31019.85,0
INV-2024-0878,06AAACC0005A1Z7,476347.12,36331.56,36331.56,0
INV-2024-0879,07AAACC0004A1Z3,167702.78,0,0,25581.78
INV-2024-0880,06AAACC0005A1Z7,595796.16,45442.08,45442.08,0
INV-2024-0881,22BBBB0000A1Z5,170021.48,12967.74,12967.74,0
INV-2024-0882,03AAACC0014A1Z5,914463.42,69747.21,69747.21,0
INV-2024-0883,03AAACC0028A1Z7,797298.86,0,0,121621.86
INV-2024-0884,03AAACC0008A1Z8,50757.7,0,0,7742.7
INV-2024-0885,03AAACC0039A1Z5,867329.5,66152.25,66152.25,0
INV-2024-0886,09AAACC0018A1Z2,764756.82,58328.91,58328.91,0
INV-2024-0887,03AAACC0014A1Z5,82100.86,6261.93,6261.93,0
INV-2024-0888,05AAACC0021A1Z8,33162.72,2529.36,2529.36,0
INV-2024-0889,04AAACC0017A1Z7,130110.34,0,0,19847.34
INV-2024-0890,08AAACC0003A1Z5,676555.36,51601.68,51601.68,0
INV-2024-0891,06AAACC0005A1Z7,164843.64,0,0,25145.64
INV-2024-0892,27AADCT1234E1Z1,126715.3,9664.73,9664.73,0
INV-2024-0893,01AAACC0007A1Z1,1017263.84,0,0,155175.84
INV-2024-0894,04AAACC0017A1Z7,779509.18,59454.09,59454.09,0
INV-2024-0895,01AAACC0019A1Z1,495767.56,0,0,75625.56
INV-2024-0896,33EEEE3333A1Z4,411540.34,31388.67,31388.67,0
INV-2024-0897,27AADCT1234E1Z1,945111.56,72084.78,72084.78,0
INV-2024-0898,09AAACC0018A1Z2,305087.82,0,0,46538.82
INV-2024-0899,01AAACC0037A1Z0,79582.74,0,0,12139.74
INV-2024-0900,04AAACC0038A1Z2,449349.9,0,0,68544.9
INV-2024-0901,09AAACC0022A1Z0,853921.16,65129.58,65129.58,0
INV-2024-0902,03AAACC0001A1Z3,391713.98,29876.49,29876.49,0
INV-2024-0903,01AAACC0019A1Z1,474927.58,36223.29,36223.29,0
INV-2024-0904,02AAACC0033A1Z5,1038905.04,79238.52,79238.52,0
INV-2024-0905,02AAACC0042A1Z5,329276.64,25114.32,25114.32,0
INV-2024-0906,07AAACC0004A1Z3,498673.9,0,0,76068.9
INV-2024-0907,24DDDD2222A1Z3,961240.98,0,0,146629.98
INV-2024-0908,03AAACC0014A1Z5,239156.5,0,0,36481.5
INV-2024-0909,03AAACC0008A1Z8,884243.62,0,0,134884.62
INV-2024-0910,22BBBB0000A1Z5,621146.1,0,0,94751.1
INV-2024-0911,08AAACC0025A1Z3,332309.24,25345.62,25345.62,0
INV-2024-0912,04AAACC0030A1Z2,1019530.62,0,0,155521.62
INV-2024-0913,05AAACC0032A1Z3,186145,0,0,28395
INV-2024-0914,01AAACC0037A1Z0,498232.58,0,0,76001.58
INV-2024-0915,01AAACC0012A1Z4,226532.86,17277.93,17277.93,0
INV-2024-0916,03AAACC0035A1Z6,255409.82,0,0,38960.82
INV-2024-0917,01AAACC0010A1Z0,793370.64,60511.32,60511.32,0
INV-2024-0918,09GGGG5555A1Z7,158392.58,0,0,24161.58
INV-2024-0919,01AAACC0029A1Z1,835356.22,63713.61,63713.61,0
INV-2024-0920,04AAACC0038A1Z2,998198.58,76133.79,76133.79,0
INV-2024-0921,01AAACC0041A1Z2,654837.46,0,0,99890.46
INV-2024-0922,01AAACC0013A1Z8,17448.66,0,0,2661.66
INV-2024-0923,03AAACC0028A1Z7,737656.94,56261.97,56261.97,0
INV-2024-0924,08AAACC0025A1Z3,835547.38,63728.19,63728.19,0
INV-2024-0925,06AAACC0005A1Z7,71815.98,5477.49,5477.49,0
INV-2024-0926,08AAACC0002A1Z5,637753.42,48642.21,48642.21,0
INV-2024-0927,01AAACC0010A1Z0,656524.86,0,0,100147.86
INV-2024-0928,09AAACC0031A1Z6,557990.14,42558.57,42558.57,0
INV-2024-0929,01AAACC0019A1Z1,413178.18,31513.59,31513.59,0
INV-2024-0930,08AAACC0024A1Z4,971568.34,74102.67,74102.67,0
INV-2024-0931,05AAACC0020A1Z0,116817.64,0,0,17819.64
INV-2024-0932,02AAACC0033A1Z5,95768.8,0,0,14608.8
INV-2024-0933,02AAACC0033A1Z5,469663.6,0,0,71643.6
INV-2024-0934,03AAACC0008A1Z8,660304.4,50362.2,50362.2,0
INV-2024-0935,02AAACC0015A1Z7,242609.18,0,0,37008.18
INV-2024-0936,03AAACC0008A1Z8,748962.52,57124.26,57124.26,0
INV-2024-0937,03AAACC0039A1Z5,744347.54,0,0,113544.54
INV-2024-0938,08AAACC0024A1Z4,426691.54,32544.27,32544.27,0
INV-2024-0939,27AADCT1234E1Z1,850185.28,0,0,129689.28
INV-2024-0940,08AAACC0024A1Z4,1029495.72,0,0,157041.72
INV-2024-0941,04AAACC0017A1Z7,327520.8,24980.4,24980.4,0
INV-2024-0942,05AAACC0043A1Z3,1057176.16,0,0,161264.16
INV-2024-0943,08AAACC0024A1Z4,494012.9,37678.95,37678.95,0
INV-2024-0944,03AAACC0028A1Z7,324075.2,24717.6,24717.6,0
INV-2024-0945,07AAACC0004A1Z3,705137.32,53781.66,53781.66,0
INV-2024-0946,01AAACC0012A1Z4,481309.02,0,0,73420.02
INV-2024-0947,05AAACC0032A1Z3,461880.32,0,0,70456.32
INV-2024-0948,01AAACC0037A1Z0,519697.96,39637.98,39637.98,0
INV-2024-0949,09AAACC0022A1Z0,199460.12,15213.06,15213.06,0
INV-2024-0950,02AAACC0033A1Z5,493677.78,0,0,75306.78
INV-2024-0951,01AAACC0041A1Z2,548499.4,41834.7,41834.7,0
INV-2024-0952,01AAACC0010A1Z0,419972.62,32031.81,32031.81,0
INV-2024-0953,08AAACC0024A1Z4,321882.76,24550.38,24550.38,0
INV-2024-0954,01AAACC0010A1Z0,296243.72,0,0,45189.72
INV-2024-0955,33EEEE3333A1Z4,873773.48,66643.74,66643.74,0
INV-2024-0956,04AAACC0038A1Z2,921283.82,0,0,140534.82
INV-2024-0958,01AAACC0013A1Z8,696118.58,0,0,106187.58
INV-2024-0959,02AAACC0009A1Z6,215839.7,0,0,32924.7
INV-2024-0960,01AAACC0019A1Z1,867538.36,0,0,132336.36
INV-2024-0961,21CCCC1111A1Z2,891945.48,68029.74,68029.74,0
INV-2024-0962,03AAACC0035A1Z6,184615.72,14080.86,14080.86,0
INV-2024-0963,08AAACC0025A1Z3,95692.1,7298.55,7298.55,0
INV-2024-0964,24DDDD2222A1Z3,330136.86,25179.93,25179.93,0
INV-2024-0965,01AAACC0037A1Z0,549072.88,0,0,83756.88
INV-2024-0966,08AAACC0024A1Z4,264489.92,0,0,40345.92
INV-2024-0967,01AAACC0029A1Z1,68011.66,5187.33,5187.33,0
INV-2024-0968,06AAACC0036A1Z4,28571.34,0,0,4358.34
INV-2024-0969,08AAACC0016A1Z7,787372.7,60053.85,60053.85,0
INV-2024-0970,01AAACC0019A1Z1,43052.3,3283.65,3283.65,0
INV-2024-0971,01AAACC0013A1Z8,921123.34,0,0,140510.34
INV-2024-0972,02AAACC0006A1Z2,31107.16,2372.58,2372.58,0
INV-2024-0973,01AAACC0034A1Z6,446627.64,34064.82,34064.82,0
INV-2024-0974,01AAACC0019A1Z1,490006.8,0,0,74746.8
INV-2024-0975,09AAACC0022A1Z0,797130.12,0,0,121596.12
INV-2024-0976,05AAACC0032A1Z3,1047899,79924.5,79924.5,0
INV-2024-0977,05AAACC0043A1Z3,46133.28,3518.64,3518.64,0
INV-2024-0978,09AAACC0022A1Z0,586602.78,44740.89,44740.89,0
INV-2024-0979,02AAACC0006A1Z2,439385.98,33512.49,33512.49,0
INV-2024-0980,22BBBB0000A1Z5,799542.04,60982.02,60982.02,0
INV-2024-0981,05AAACC0020A1Z0,906230.56,69119.28,69119.28,0
INV-2024-0982,01AAACC0019A1Z1,804417.8,0,0,122707.8
INV-2024-0983,14FFFF4444A1Z6,22969.88,1751.94,1751.94,0
INV-2024-0984,09AAACC0022A1Z0,528421.7,0,0,80606.7
INV-2024-0985,01AAACC0041A1Z2,64597.92,4926.96,4926.96,0
INV-2024-0986,09AAACC0018A1Z2,146665.74,0,0,22372.74
INV-2024-0987,08AAACC0003A1Z5,401046.6,30588.3,30588.3,0
INV-2024-0988,03AAACC0008A1Z8,769642.02,0,0,117403.02
INV-2024-0989,03AAACC0001A1Z3,1030503.44,0,0,157195.44
INV-2024-0990,01AAACC0010A1Z0,593190.72,45243.36,45243.36,0
INV-2024-0991,01AAACC0012A1Z4,263036.16,0,0,40124.16
INV-2024-0992,08AAACC0003A1Z5,163820.58,12494.79,12494.79,0
INV-2024-0993,06AAACC0036A1Z4,64563.7,0,0,9848.7
INV-2024-0994,08AAACC0024A1Z4,639171.78,48750.39,48750.39,0
INV-2024-0995,04AAACC0017A1Z7,106028.9,0,0,16173.9
INV-2024-0996,01AAACC0012A1Z4,292524.36,22311.18,22311.18,0
INV-2024-0997,01AAACC0023A1Z7,439052.04,0,0,66974.04
INV-2024-0999,01AAACC0010A1Z0,741378.66,56545.83,56545.83,0
INV-2024-1000,01AAACC0023A1Z7,167456.16,12772.08,12772.08,0